<?xml version="1.0" encoding="utf-8"?>
<!--Exported at 08-04-2022 16:03:51-->
<DEFTABLE xmlns:xsi="http://www.w3.org/2001/XMLSchema-instance" xsi:noNamespaceSchemaLocation="Folder.xsd">
    <FOLDER DATACENTER="CTM_CTRLMCCR" VERSION="900" PLATFORM="UNIX" FOLDER_NAME="CR-MXKQPDMEN-K02" LAST_UPLOAD="20220218023335UTC" FOLDER_ORDER_METHOD="SYSTEM" REAL_FOLDER_ID="0" TYPE="1" USED_BY_CODE="0">
        <JOB JOBISN="0" APPLICATION="KQPD-MX-DATIO" SUB_APPLICATION="BCBS-RKS-DATIO-CCR" JOBNAME="MKQPDVP4016" DESCRIPTION="QA REGLAS BASICAS STAGING - DQR - DQ3" CREATED_BY="XMY0139" RUN_AS="sentry" CRITICAL="0" TASKTYPE="Command" CYCLIC="0" NODEID="MX-SENTRY-00" INTERVAL="00001M" CMDLINE="/opt/datio/sentry-mx/dataproc_sentry.py %%SENTRY_JOB %%SENTRY_OPT '%%SENTRY_PARM'" CONFIRM="0" DAYSCAL="MXHABILE" RETRO="0" MAXWAIT="1" MAXRERUN="0" AUTOARCH="1" MAXDAYS="0" MAXRUNS="0" DAYS="D14" JAN="1" FEB="1" MAR="1" APR="1" MAY="1" JUN="1" JUL="1" AUG="1" SEP="1" OCT="1" NOV="1" DEC="1" DAYS_AND_OR="O" SHIFT="Ignore Job" SHIFTNUM="+00" SYSDB="1" IND_CYCLIC="S" CREATION_USER="XME7894" CREATION_DATE="20210422" CREATION_TIME="121637" CHANGE_USERID="XME7894" CHANGE_DATE="20210422" CHANGE_TIME="133009" RULE_BASED_CALENDAR_RELATIONSHIP="O" APPL_TYPE="OS" CM_VER="N/A" MULTY_AGENT="N" USE_INSTREAM_JCL="N" VERSION_SERIAL="2" CYCLIC_TOLERANCE="0" CYCLIC_TYPE="C" PARENT_FOLDER="CR-MXKQPDMEN-K02">
            <VARIABLE NAME="%%PARM1" VALUE="%%$CALCDATE %%$OYEAR.%%OMONTH.01 -1" />
            <VARIABLE NAME="%%A" VALUE="%%SUBSTR %%PARM1 1 4" />
            <VARIABLE NAME="%%M" VALUE="%%SUBSTR %%PARM1 5 2" />
            <VARIABLE NAME="%%D" VALUE="%%SUBSTR %%PARM1 7 2" />
            <VARIABLE NAME="%%PARM2" VALUE="%%A-%%M-%%D" />
            <VARIABLE NAME="%%PARM3" VALUE="DQ3" />
            <VARIABLE NAME="%%PARM4" VALUE="sasqualityresults" />
            <VARIABLE NAME="%%PARM5" VALUE="DQ STAGING" />
            <VARIABLE NAME="%%SENTRY_JOB" VALUE="-ns mx.kqpd.app-id-21822.pro -jn kqpd-mx-spk-qlt-sasqualityresultss-01 -o %%ORDERID" />
            <VARIABLE NAME="%%SENTRY_OPT" VALUE="-b" />
            <VARIABLE NAME="%%SENTRY_PARM" VALUE="{&quot;env&quot;: {&quot;CUTOFF_DATE&quot;: &quot;%%PARM2&quot;, &quot;SUFFIX&quot;: &quot;%%PARM3&quot;, &quot;FILE_DATE&quot;:&quot;%%PARM1&quot;, &quot;CONTROLM_JOB_ID&quot;:&quot;%%JOBNAME&quot;,&quot;CONTROLM_JOB_FLOW&quot;:&quot;%%SCHEDTAB&quot;} }" />
            <INCOND NAME="MMDQRTP4107-TO-MKQPDVP4016" ODATE="ODAT" AND_OR="A" />
            <QUANTITATIVE NAME="DATIO_SENTRY_MX" QUANT="1" ONFAIL="R" ONOK="R" />
            <OUTCOND NAME="MMDQRTP4107-TO-MKQPDVP4016" ODATE="ODAT" SIGN="-" />
            <OUTCOND NAME="MKQPDVP4016-TO-MKQPDCP4011" ODATE="ODAT" SIGN="+" />
            <ON STMT="*" CODE="NOTOK">
                <DOMAIL URGENCY="U" DEST="me.jimenez@bbva.com;juangibran.romero.miranda@bbva.com;julio.jimenez.1.contractor@bbva.com;gustavo.martinez.arambula.contractor@bbva.com" SUBJECT="Ejecucion  fallida del job %%JOBNAME - %%PARM3 - %%PARM4 - Odate  %%$ODATE" MESSAGE="0109Concluyo la Ejecucion  de %%PARM3 del job %%JOBNAME del proceso %%PARM4 con Odate %%$ODATE, favor de validar." ATTACH_SYSOUT="Y" />
            </ON>
            <ON STMT="*" CODE="OK">
                <DOMAIL URGENCY="R" DEST="me.jimenez@bbva.com;juangibran.romero.miranda@bbva.com;julio.jimenez.1.contractor@bbva.com;gustavo.martinez.arambula.contractor@bbva.com" SUBJECT="Ejecucion  exitosa del job %%JOBNAME - %%PARM3 - %%PARM4 - Odate  %%$ODATE" MESSAGE="0109Concluyo la Ejecucion  de %%PARM3 del job %%JOBNAME del proceso %%PARM4 con Odate %%$ODATE, favor de validar." ATTACH_SYSOUT="Y" />
            </ON>
        </JOB>
        <JOB JOBISN="0" APPLICATION="KQPD-MX-DATIO" SUB_APPLICATION="BCBS-RKS-DATIO-CCR" JOBNAME="MKQPDCP4011" DESCRIPTION="INGESTA RAW - DQR - DQ3" CREATED_BY="XMY0139" RUN_AS="sentry" CRITICAL="0" TASKTYPE="Command" CYCLIC="0" NODEID="MX-SENTRY-00" INTERVAL="00001M" CMDLINE="/opt/datio/sentry-mx/dataproc_sentry.py %%SENTRY_JOB %%SENTRY_OPT '%%SENTRY_PARM'" CONFIRM="0" DAYSCAL="MXHABILE" RETRO="0" MAXWAIT="1" MAXRERUN="0" AUTOARCH="1" MAXDAYS="0" MAXRUNS="0" DAYS="D14" JAN="1" FEB="1" MAR="1" APR="1" MAY="1" JUN="1" JUL="1" AUG="1" SEP="1" OCT="1" NOV="1" DEC="1" DAYS_AND_OR="O" SHIFT="Ignore Job" SHIFTNUM="+00" SYSDB="1" IND_CYCLIC="S" CREATION_USER="XME7894" CREATION_DATE="20210422" CREATION_TIME="121637" RULE_BASED_CALENDAR_RELATIONSHIP="O" APPL_TYPE="OS" CM_VER="N/A" MULTY_AGENT="N" USE_INSTREAM_JCL="N" VERSION_SERIAL="1" CYCLIC_TOLERANCE="0" CYCLIC_TYPE="C" PARENT_FOLDER="CR-MXKQPDMEN-K02">
            <VARIABLE NAME="%%PARM1" VALUE="%%$CALCDATE %%$OYEAR.%%OMONTH.01 -1" />
            <VARIABLE NAME="%%A" VALUE="%%SUBSTR %%PARM1 1 4" />
            <VARIABLE NAME="%%M" VALUE="%%SUBSTR %%PARM1 5 2" />
            <VARIABLE NAME="%%D" VALUE="%%SUBSTR %%PARM1 7 2" />
            <VARIABLE NAME="%%PARM2" VALUE="%%A-%%M-%%D" />
            <VARIABLE NAME="%%PARM3" VALUE="DQ3" />
            <VARIABLE NAME="%%PARM4" VALUE="BCBS_Excel_R_GCRM_CuadroMandos" />
            <VARIABLE NAME="%%PARM5" VALUE="sasqualityresults" />
            <VARIABLE NAME="%%PARM6" VALUE="INGESTA RAW" />
            <VARIABLE NAME="%%KIRBYREPARTITION" VALUE="1" />
            <VARIABLE NAME="%%SENTRY_JOB" VALUE="-ns mx.kqpd.app-id-21822.pro -jn kqpd-mx-krb-inr-sasqualityresultsi-01 -o %%ORDERID" />
            <VARIABLE NAME="%%SENTRY_OPT" VALUE="-b" />
            <VARIABLE NAME="%%SENTRY_PARM" VALUE="{&quot;env&quot;: {&quot;SUFFIX&quot;:&quot;%%PARM3&quot;,&quot;FILE_DATE&quot;:&quot;%%PARM1&quot;,&quot;CUTOFF_DATE&quot;:&quot;%%PARM2&quot;, &quot;KIRBY_REPARTITION&quot;:&quot;%%KIRBYREPARTITION&quot;, &quot;DATA1&quot;:&quot;%%PARM4&quot;,&quot;CONTROLM_JOB_ID&quot;:&quot;%%JOBNAME&quot;,&quot;CONTROLM_JOB_FLOW&quot;:&quot;%%SCHEDTAB&quot;} }" />
            <INCOND NAME="MKQPDVP4016-TO-MKQPDCP4011" ODATE="ODAT" AND_OR="A" />
            <QUANTITATIVE NAME="DATIO_SENTRY_MX" QUANT="1" ONFAIL="R" ONOK="R" />
            <OUTCOND NAME="MKQPDVP4016-TO-MKQPDCP4011" ODATE="ODAT" SIGN="-" />
            <OUTCOND NAME="MKQPDCP4011-TO-MKQPDCP4012" ODATE="ODAT" SIGN="+" />
            <ON STMT="*" CODE="NOTOK">
                <DOMAIL URGENCY="U" DEST="me.jimenez@bbva.com;juangibran.romero.miranda@bbva.com;julio.jimenez.1.contractor@bbva.com;gustavo.martinez.arambula.contractor@bbva.com" SUBJECT="Ejecucion  fallida del job %%JOBNAME - %%PARM6 - %%PARM3 - Odate  %%$ODATE" MESSAGE="0109Concluyo la Ejecucion  de %%PARM6 del job %%JOBNAME del proceso %%PARM3 con Odate %%$ODATE, favor de validar." ATTACH_SYSOUT="Y" />
            </ON>
            <ON STMT="*" CODE="OK">
                <DOMAIL URGENCY="R" DEST="me.jimenez@bbva.com;juangibran.romero.miranda@bbva.com;julio.jimenez.1.contractor@bbva.com;gustavo.martinez.arambula.contractor@bbva.com" SUBJECT="Ejecucion  exitosa del job %%JOBNAME - %%PARM6 - %%PARM3 - Odate  %%$ODATE" MESSAGE="0109Concluyo la Ejecucion  de %%PARM6 del job %%JOBNAME del proceso %%PARM3 con Odate %%$ODATE, favor de validar." ATTACH_SYSOUT="Y" />
            </ON>
        </JOB>
        <JOB JOBISN="0" APPLICATION="KQPD-MX-DATIO" SUB_APPLICATION="BCBS-RKS-DATIO-CCR" JOBNAME="MKQPDCP4012" DESCRIPTION="INGESTA MASTER - DQR - DQ3" CREATED_BY="XMY0139" RUN_AS="sentry" CRITICAL="0" TASKTYPE="Command" CYCLIC="0" NODEID="MX-SENTRY-00" INTERVAL="00001M" CMDLINE="/opt/datio/sentry-mx/dataproc_sentry.py %%SENTRY_JOB %%SENTRY_OPT '%%SENTRY_PARM'" CONFIRM="0" DAYSCAL="MXHABILE" RETRO="0" MAXWAIT="1" MAXRERUN="0" AUTOARCH="1" MAXDAYS="0" MAXRUNS="0" DAYS="D14" JAN="1" FEB="1" MAR="1" APR="1" MAY="1" JUN="1" JUL="1" AUG="1" SEP="1" OCT="1" NOV="1" DEC="1" DAYS_AND_OR="O" SHIFT="Ignore Job" SHIFTNUM="+00" SYSDB="1" IND_CYCLIC="S" CREATION_USER="XME7894" CREATION_DATE="20210422" CREATION_TIME="121637" RULE_BASED_CALENDAR_RELATIONSHIP="O" APPL_TYPE="OS" CM_VER="N/A" MULTY_AGENT="N" USE_INSTREAM_JCL="N" VERSION_SERIAL="1" CYCLIC_TOLERANCE="0" CYCLIC_TYPE="C" PARENT_FOLDER="CR-MXKQPDMEN-K02">
            <VARIABLE NAME="%%PARM1" VALUE="%%$CALCDATE %%$OYEAR.%%OMONTH.01 -1" />
            <VARIABLE NAME="%%A" VALUE="%%SUBSTR %%PARM1 1 4" />
            <VARIABLE NAME="%%M" VALUE="%%SUBSTR %%PARM1 5 2" />
            <VARIABLE NAME="%%D" VALUE="%%SUBSTR %%PARM1 7 2" />
            <VARIABLE NAME="%%PARM2" VALUE="%%A-%%M-%%D" />
            <VARIABLE NAME="%%PARM3" VALUE="DQ3" />
            <VARIABLE NAME="%%PARM4" VALUE="BCBS_Excel_R_GCRM_CuadroMandos" />
            <VARIABLE NAME="%%PARM5" VALUE="sasqualityresults" />
            <VARIABLE NAME="%%PARM6" VALUE="INGESTA MASTER" />
            <VARIABLE NAME="%%KIRBYREPARTITION" VALUE="1" />
            <VARIABLE NAME="%%SENTRY_JOB" VALUE="-ns mx.kqpd.app-id-21822.pro -jn kqpd-mx-krb-inm-sasqualityresultsi-01 -o %%ORDERID" />
            <VARIABLE NAME="%%SENTRY_OPT" VALUE="-b" />
            <VARIABLE NAME="%%SENTRY_PARM" VALUE="{&quot;env&quot;: {&quot;SUFFIX&quot;: &quot;%%PARM3&quot;,&quot;FILE_DATE&quot;:&quot;%%PARM1&quot;, &quot;CUTOFF_DATE&quot;:&quot;%%PARM2&quot;, &quot;CUTOFF_DATE1&quot;:&quot;%%PARM2&quot;, &quot;KIRBY_REPARTITION&quot;:&quot;%%KIRBYREPARTITION&quot;, &quot;DATA1&quot;:&quot;%%PARM4&quot;, &quot;CONTROLM_JOB_ID&quot;:&quot;%%JOBNAME&quot;,&quot;CONTROLM_JOB_FLOW&quot;:&quot;%%SCHEDTAB&quot;} }" />
            <INCOND NAME="MKQPDCP4011-TO-MKQPDCP4012" ODATE="ODAT" AND_OR="A" />
            <QUANTITATIVE NAME="DATIO_SENTRY_MX" QUANT="1" ONFAIL="R" ONOK="R" />
            <OUTCOND NAME="MKQPDCP4011-TO-MKQPDCP4012" ODATE="ODAT" SIGN="-" />
            <OUTCOND NAME="MKQPDCP4012-TO-MKQPDVP4017" ODATE="ODAT" SIGN="+" />
            <ON STMT="*" CODE="NOTOK">
                <DOMAIL URGENCY="U" DEST="me.jimenez@bbva.com;juangibran.romero.miranda@bbva.com;julio.jimenez.1.contractor@bbva.com;gustavo.martinez.arambula.contractor@bbva.com" SUBJECT="Ejecucion  fallida del job %%JOBNAME - %%PARM6 - %%PARM3 - Odate  %%$ODATE" MESSAGE="0109Concluyo la Ejecucion  de %%PARM6 del job %%JOBNAME del proceso %%PARM3 con Odate %%$ODATE, favor de validar." ATTACH_SYSOUT="Y" />
            </ON>
            <ON STMT="*" CODE="OK">
                <DOMAIL URGENCY="R" DEST="me.jimenez@bbva.com;juangibran.romero.miranda@bbva.com;julio.jimenez.1.contractor@bbva.com;gustavo.martinez.arambula.contractor@bbva.com" SUBJECT="Ejecucion  exitosa del job %%JOBNAME - %%PARM6 - %%PARM3 - Odate  %%$ODATE" MESSAGE="0109Concluyo la Ejecucion  de %%PARM6 del job %%JOBNAME del proceso %%PARM3 con Odate %%$ODATE, favor de validar." ATTACH_SYSOUT="Y" />
            </ON>
        </JOB>
        <JOB JOBISN="0" APPLICATION="KQPD-MX-DATIO" SUB_APPLICATION="BCBS-RKS-DATIO-CCR" JOBNAME="MKQPDVP4017" DESCRIPTION="QA REGLAS BASICAS RAW - DQR - DQ3" CREATED_BY="XMY0139" RUN_AS="sentry" CRITICAL="0" TASKTYPE="Command" CYCLIC="0" NODEID="MX-SENTRY-00" INTERVAL="00001M" CMDLINE="/opt/datio/sentry-mx/dataproc_sentry.py %%SENTRY_JOB %%SENTRY_OPT '%%SENTRY_PARM'" CONFIRM="0" DAYSCAL="MXHABILE" RETRO="0" MAXWAIT="1" MAXRERUN="0" AUTOARCH="1" MAXDAYS="0" MAXRUNS="0" DAYS="D14" JAN="1" FEB="1" MAR="1" APR="1" MAY="1" JUN="1" JUL="1" AUG="1" SEP="1" OCT="1" NOV="1" DEC="1" DAYS_AND_OR="O" SHIFT="Ignore Job" SHIFTNUM="+00" SYSDB="1" IND_CYCLIC="S" CREATION_USER="XME7894" CREATION_DATE="20210422" CREATION_TIME="121637" RULE_BASED_CALENDAR_RELATIONSHIP="O" APPL_TYPE="OS" CM_VER="N/A" MULTY_AGENT="N" USE_INSTREAM_JCL="N" VERSION_SERIAL="1" CYCLIC_TOLERANCE="0" CYCLIC_TYPE="C" PARENT_FOLDER="CR-MXKQPDMEN-K02">
            <VARIABLE NAME="%%PARM1" VALUE="%%$CALCDATE %%$OYEAR.%%OMONTH.01 -1" />
            <VARIABLE NAME="%%A" VALUE="%%SUBSTR %%PARM1 1 4" />
            <VARIABLE NAME="%%M" VALUE="%%SUBSTR %%PARM1 5 2" />
            <VARIABLE NAME="%%D" VALUE="%%SUBSTR %%PARM1 7 2" />
            <VARIABLE NAME="%%PARM2" VALUE="%%A-%%M-%%D" />
            <VARIABLE NAME="%%PARM3" VALUE="DQ3" />
            <VARIABLE NAME="%%PARM4" VALUE="BCBS_Excel_R_GCRM_CuadroMandos" />
            <VARIABLE NAME="%%PARM5" VALUE="sasqualityresults" />
            <VARIABLE NAME="%%PARM6" VALUE="DQ RAW" />
            <VARIABLE NAME="%%SENTRY_JOB" VALUE="-ns mx.kqpd.app-id-21822.pro -jn kqpd-mx-spk-qlt-sasqualityresultsr-04 -o %%ORDERID" />
            <VARIABLE NAME="%%SENTRY_OPT" VALUE="-b" />
            <VARIABLE NAME="%%SENTRY_PARM" VALUE="{&quot;env&quot;: {&quot;CUTOFF_DATE&quot;:&quot;%%PARM2&quot;, &quot;SUBSET_DATE&quot;:&quot;%%PARM2&quot;, &quot;SUBSET_DATE1&quot;:&quot;%%PARM2&quot;, &quot;SUFFIX&quot;:&quot;%%PARM3&quot;,&quot;FILE_DATE&quot;:&quot;%%PARM1&quot;, &quot;DATA1&quot;: &quot;%%PARM4&quot;, &quot;CONTROLM_JOB_ID&quot;:&quot;%%JOBNAME&quot;,&quot;CONTROLM_JOB_FLOW&quot;:&quot;%%SCHEDTAB&quot;} }" />
            <INCOND NAME="MKQPDCP4012-TO-MKQPDVP4017" ODATE="ODAT" AND_OR="A" />
            <QUANTITATIVE NAME="DATIO_SENTRY_MX" QUANT="1" ONFAIL="R" ONOK="R" />
            <OUTCOND NAME="MKQPDCP4012-TO-MKQPDVP4017" ODATE="ODAT" SIGN="-" />
            <OUTCOND NAME="MKQPDVP4017-TO-MKQPDVP4018" ODATE="ODAT" SIGN="+" />
            <ON STMT="*" CODE="NOTOK">
                <DOMAIL URGENCY="U" DEST="me.jimenez@bbva.com;juangibran.romero.miranda@bbva.com;julio.jimenez.1.contractor@bbva.com;gustavo.martinez.arambula.contractor@bbva.com" SUBJECT="Ejecucion  fallida del job %%JOBNAME - %%PARM6 - %%PARM3 - Odate  %%$ODATE" MESSAGE="0109Concluyo la Ejecucion  de %%PARM6 del job %%JOBNAME del proceso %%PARM3 con Odate %%$ODATE, favor de validar." ATTACH_SYSOUT="Y" />
            </ON>
            <ON STMT="*" CODE="OK">
                <DOMAIL URGENCY="R" DEST="me.jimenez@bbva.com;juangibran.romero.miranda@bbva.com;julio.jimenez.1.contractor@bbva.com;gustavo.martinez.arambula.contractor@bbva.com" SUBJECT="Ejecucion  exitosa del job %%JOBNAME - %%PARM6 - %%PARM3 - Odate  %%$ODATE" MESSAGE="0109Concluyo la Ejecucion  de %%PARM6 del job %%JOBNAME del proceso %%PARM3 con Odate %%$ODATE, favor de validar." ATTACH_SYSOUT="Y" />
            </ON>
        </JOB>
        <JOB JOBISN="0" APPLICATION="KQPD-MX-DATIO" SUB_APPLICATION="BCBS-RKS-DATIO-CCR" JOBNAME="MKQPDVP4018" DESCRIPTION="QA REGLAS BASICAS MASTER - DQR - DQ3" CREATED_BY="XMY0139" RUN_AS="sentry" CRITICAL="0" TASKTYPE="Command" CYCLIC="0" NODEID="MX-SENTRY-00" INTERVAL="00001M" CMDLINE="/opt/datio/sentry-mx/dataproc_sentry.py %%SENTRY_JOB %%SENTRY_OPT '%%SENTRY_PARM'" CONFIRM="0" DAYSCAL="MXHABILE" RETRO="0" MAXWAIT="1" MAXRERUN="0" AUTOARCH="1" MAXDAYS="0" MAXRUNS="0" DAYS="D14" JAN="1" FEB="1" MAR="1" APR="1" MAY="1" JUN="1" JUL="1" AUG="1" SEP="1" OCT="1" NOV="1" DEC="1" DAYS_AND_OR="O" SHIFT="Ignore Job" SHIFTNUM="+00" SYSDB="1" IND_CYCLIC="S" CREATION_USER="XME7894" CREATION_DATE="20210422" CREATION_TIME="121637" RULE_BASED_CALENDAR_RELATIONSHIP="O" APPL_TYPE="OS" CM_VER="N/A" MULTY_AGENT="N" USE_INSTREAM_JCL="N" VERSION_SERIAL="1" CYCLIC_TOLERANCE="0" CYCLIC_TYPE="C" PARENT_FOLDER="CR-MXKQPDMEN-K02">
            <VARIABLE NAME="%%PARM1" VALUE="%%$CALCDATE %%$OYEAR.%%OMONTH.01 -1" />
            <VARIABLE NAME="%%A" VALUE="%%SUBSTR %%PARM1 1 4" />
            <VARIABLE NAME="%%M" VALUE="%%SUBSTR %%PARM1 5 2" />
            <VARIABLE NAME="%%D" VALUE="%%SUBSTR %%PARM1 7 2" />
            <VARIABLE NAME="%%PARM2" VALUE="%%A-%%M-%%D" />
            <VARIABLE NAME="%%PARM3" VALUE="DQ3" />
            <VARIABLE NAME="%%PARM4" VALUE="BCBS_Excel_R_GCRM_CuadroMandos" />
            <VARIABLE NAME="%%PARM5" VALUE="sasqualityresults" />
            <VARIABLE NAME="%%PARM6" VALUE="DQ MASTER" />
            <VARIABLE NAME="%%SENTRY_JOB" VALUE="-ns mx.kqpd.app-id-21822.pro -jn kqpd-mx-spk-qlt-sasqualityresultsm-04 -o %%ORDERID" />
            <VARIABLE NAME="%%SENTRY_OPT" VALUE="-b" />
            <VARIABLE NAME="%%SENTRY_PARM" VALUE="{&quot;env&quot;: {&quot;CUTOFF_DATE&quot;: &quot;%%PARM2&quot;,&quot;SUBSET_DATE&quot;:&quot;%%PARM2&quot;, &quot;SUBSET_DATE1&quot;:&quot;%%PARM2&quot;, &quot;DATA1&quot;:&quot;%%PARM4&quot;,&quot;CONTROLM_JOB_ID&quot;:&quot;%%JOBNAME&quot;,&quot;CONTROLM_JOB_FLOW&quot;:&quot;%%SCHEDTAB&quot;} }" />
            <INCOND NAME="MKQPDVP4017-TO-MKQPDVP4018" ODATE="ODAT" AND_OR="A" />
            <QUANTITATIVE NAME="DATIO_SENTRY_MX" QUANT="1" ONFAIL="R" ONOK="R" />
            <OUTCOND NAME="MKQPDVP4017-TO-MKQPDVP4018" ODATE="ODAT" SIGN="-" />
            <OUTCOND NAME="MKQPDVP4018-TO-MKQPDDP4006" ODATE="ODAT" SIGN="+" />
            <ON STMT="*" CODE="NOTOK">
                <DOMAIL URGENCY="U" DEST="me.jimenez@bbva.com;juangibran.romero.miranda@bbva.com;julio.jimenez.1.contractor@bbva.com;gustavo.martinez.arambula.contractor@bbva.com" SUBJECT="Ejecucion  fallida del job %%JOBNAME - %%PARM6 - %%PARM3 - Odate  %%$ODATE" MESSAGE="0109Concluyo la Ejecucion  de %%PARM6 del job %%JOBNAME del proceso %%PARM3 con Odate %%$ODATE, favor de validar." ATTACH_SYSOUT="Y" />
            </ON>
            <ON STMT="*" CODE="OK">
                <DOMAIL URGENCY="R" DEST="me.jimenez@bbva.com;juangibran.romero.miranda@bbva.com;julio.jimenez.1.contractor@bbva.com;gustavo.martinez.arambula.contractor@bbva.com" SUBJECT="Ejecucion  exitosa del job %%JOBNAME - %%PARM6 - %%PARM3 - Odate  %%$ODATE" MESSAGE="0109Concluyo la Ejecucion  de %%PARM6 del job %%JOBNAME del proceso %%PARM3 con Odate %%$ODATE, favor de validar." ATTACH_SYSOUT="Y" />
            </ON>
        </JOB>
        <JOB JOBISN="0" APPLICATION="KQPD-MX-DATIO" SUB_APPLICATION="BCBS-RKS-DATIO-CCR" JOBNAME="MKQPDDP4006" DESCRIPTION="BORRADO STAGING - DQR - DQ3" CREATED_BY="XMY0139" RUN_AS="sentry" CRITICAL="0" TASKTYPE="Command" CYCLIC="0" NODEID="MX-SENTRY-00" INTERVAL="00001M" CMDLINE="/opt/datio/sentry-mx/dataproc_sentry.py %%SENTRY_JOB %%SENTRY_OPT '%%SENTRY_PARM'" CONFIRM="0" DAYSCAL="MXHABILE" RETRO="0" MAXWAIT="1" MAXRERUN="0" AUTOARCH="1" MAXDAYS="0" MAXRUNS="0" DAYS="D14" JAN="1" FEB="1" MAR="1" APR="1" MAY="1" JUN="1" JUL="1" AUG="1" SEP="1" OCT="1" NOV="1" DEC="1" DAYS_AND_OR="O" SHIFT="Ignore Job" SHIFTNUM="+00" SYSDB="1" IND_CYCLIC="S" CREATION_USER="XME7894" CREATION_DATE="20210422" CREATION_TIME="121637" CHANGE_USERID="XME7894" CHANGE_DATE="20210422" CHANGE_TIME="133009" RULE_BASED_CALENDAR_RELATIONSHIP="O" APPL_TYPE="OS" CM_VER="N/A" MULTY_AGENT="N" USE_INSTREAM_JCL="N" VERSION_SERIAL="2" CYCLIC_TOLERANCE="0" CYCLIC_TYPE="C" PARENT_FOLDER="CR-MXKQPDMEN-K02">
            <VARIABLE NAME="%%PARM1" VALUE="%%$CALCDATE %%$OYEAR.%%OMONTH.01 -1" />
            <VARIABLE NAME="%%PARM2" VALUE="sasqualityresults" />
            <VARIABLE NAME="%%PARM3" VALUE="DQ3" />
            <VARIABLE NAME="%%PARM4" VALUE="BORRADO" />
            <VARIABLE NAME="%%SENTRY_JOB" VALUE="-ns mx.kqpd.app-id-21822.pro -jn kqpd-mx-dfs-rmv-hdfs-01 -o %%ORDERID" />
            <VARIABLE NAME="%%SENTRY_OPT" VALUE="-b" />
            <VARIABLE NAME="%%SENTRY_PARM" VALUE="{&quot;env&quot;: {&quot;HADOOP_MODE&quot;: &quot;REMOVE&quot;,&quot;HADOOP_PATH&quot;: &quot;/in/staging/ratransmit/sas/bcbs/DQLEGACY_%%PARM2._%%PARM1..c*&quot;,&quot;CONTROLM_JOB_ID&quot;:&quot;%%JOBNAME&quot;,&quot;CONTROLM_JOB_FLOW&quot;:&quot;%%SCHEDTAB&quot; } }" />
            <INCOND NAME="MKQPDVP4018-TO-MKQPDDP4006" ODATE="ODAT" AND_OR="A" />
            <QUANTITATIVE NAME="DATIO_SENTRY_MX" QUANT="1" ONFAIL="R" ONOK="R" />
            <OUTCOND NAME="MKQPDVP4018-TO-MKQPDDP4006" ODATE="ODAT" SIGN="-" />
            <ON STMT="*" CODE="NOTOK">
                <DOMAIL URGENCY="U" DEST="me.jimenez@bbva.com;juangibran.romero.miranda@bbva.com;julio.jimenez.1.contractor@bbva.com;gustavo.martinez.arambula.contractor@bbva.com" SUBJECT="Ejecucion  fallida del job %%JOBNAME - %%PARM4 - %%PARM3 - Odate  %%$ODATE" MESSAGE="0109Concluyo la Ejecucion  de %%PARM4 del job %%JOBNAME del proceso %%PARM3 con Odate %%$ODATE, favor de validar." ATTACH_SYSOUT="Y" />
            </ON>
            <ON STMT="*" CODE="OK">
                <DOMAIL URGENCY="R" DEST="me.jimenez@bbva.com;juangibran.romero.miranda@bbva.com;julio.jimenez.1.contractor@bbva.com;gustavo.martinez.arambula.contractor@bbva.com" SUBJECT="Ejecucion  exitosa del job %%JOBNAME - %%PARM4 - %%PARM3 - Odate  %%$ODATE" MESSAGE="0109Concluyo la Ejecucion  de %%PARM4 del job %%JOBNAME del proceso %%PARM3 con Odate %%$ODATE, favor de validar." ATTACH_SYSOUT="Y" />
            </ON>
        </JOB>
        <JOB JOBISN="0" APPLICATION="KQPD-MX-DATIO" SUB_APPLICATION="BCBS-RKS-DATIO-CCR" JOBNAME="MKQPDVP4022" DESCRIPTION="QA REGLAS BASICAS STAGING - DQR - DQ5" CREATED_BY="XMY0139" RUN_AS="sentry" CRITICAL="0" TASKTYPE="Command" CYCLIC="0" NODEID="MX-SENTRY-00" INTERVAL="00001M" CMDLINE="/opt/datio/sentry-mx/dataproc_sentry.py %%SENTRY_JOB %%SENTRY_OPT '%%SENTRY_PARM'" CONFIRM="0" DAYSCAL="MXHABILE" RETRO="0" MAXWAIT="1" MAXRERUN="0" AUTOARCH="1" MAXDAYS="0" MAXRUNS="0" DAYS="D5" JAN="1" FEB="1" MAR="1" APR="1" MAY="1" JUN="1" JUL="1" AUG="1" SEP="1" OCT="1" NOV="1" DEC="1" DAYS_AND_OR="O" SHIFT="Ignore Job" SHIFTNUM="+00" SYSDB="1" IND_CYCLIC="S" CREATION_USER="XME7894" CREATION_DATE="20210422" CREATION_TIME="121637" CHANGE_USERID="XME7894" CHANGE_DATE="20210422" CHANGE_TIME="133009" RULE_BASED_CALENDAR_RELATIONSHIP="O" APPL_TYPE="OS" CM_VER="N/A" MULTY_AGENT="N" USE_INSTREAM_JCL="N" VERSION_SERIAL="2" CYCLIC_TOLERANCE="0" CYCLIC_TYPE="C" PARENT_FOLDER="CR-MXKQPDMEN-K02">
            <VARIABLE NAME="%%PARM1" VALUE="%%$CALCDATE %%$OYEAR.%%OMONTH.01 -1" />
            <VARIABLE NAME="%%A" VALUE="%%SUBSTR %%PARM1 1 4" />
            <VARIABLE NAME="%%M" VALUE="%%SUBSTR %%PARM1 5 2" />
            <VARIABLE NAME="%%D" VALUE="%%SUBSTR %%PARM1 7 2" />
            <VARIABLE NAME="%%PARM2" VALUE="%%A-%%M-%%D" />
            <VARIABLE NAME="%%PARM3" VALUE="DQ5" />
            <VARIABLE NAME="%%PARM4" VALUE="sasqualityresults" />
            <VARIABLE NAME="%%PARM5" VALUE="DQ STAGING" />
            <VARIABLE NAME="%%SENTRY_JOB" VALUE="-ns mx.kqpd.app-id-21822.pro -jn kqpd-mx-spk-qlt-sasqualityresultss-01 -o %%ORDERID" />
            <VARIABLE NAME="%%SENTRY_OPT" VALUE="-b" />
            <VARIABLE NAME="%%SENTRY_PARM" VALUE="{&quot;env&quot;: {&quot;CUTOFF_DATE&quot;: &quot;%%PARM2&quot;, &quot;SUFFIX&quot;: &quot;%%PARM3&quot;, &quot;FILE_DATE&quot;:&quot;%%PARM1&quot;, &quot;CONTROLM_JOB_ID&quot;:&quot;%%JOBNAME&quot;,&quot;CONTROLM_JOB_FLOW&quot;:&quot;%%SCHEDTAB&quot;} }" />
            <INCOND NAME="MMDQRTP4110-TO-MKQPDVP4022" ODATE="ODAT" AND_OR="A" />
            <QUANTITATIVE NAME="DATIO_SENTRY_MX" QUANT="1" ONFAIL="R" ONOK="R" />
            <OUTCOND NAME="MMDQRTP4110-TO-MKQPDVP4022" ODATE="ODAT" SIGN="-" />
            <OUTCOND NAME="MKQPDVP4022-TO-MKQPDCP4015" ODATE="ODAT" SIGN="+" />
            <ON STMT="*" CODE="NOTOK">
                <DOMAIL URGENCY="U" DEST="me.jimenez@bbva.com;juangibran.romero.miranda@bbva.com;julio.jimenez.1.contractor@bbva.com;gustavo.martinez.arambula.contractor@bbva.com" SUBJECT="Ejecucion  fallida del job %%JOBNAME - %%PARM3 - %%PARM4 - Odate  %%$ODATE" MESSAGE="0109Concluyo la Ejecucion  de %%PARM3 del job %%JOBNAME del proceso %%PARM4 con Odate %%$ODATE, favor de validar." ATTACH_SYSOUT="Y" />
            </ON>
            <ON STMT="*" CODE="OK">
                <DOMAIL URGENCY="R" DEST="me.jimenez@bbva.com;juangibran.romero.miranda@bbva.com;julio.jimenez.1.contractor@bbva.com;gustavo.martinez.arambula.contractor@bbva.com" SUBJECT="Ejecucion  exitosa del job %%JOBNAME - %%PARM3 - %%PARM4 - Odate  %%$ODATE" MESSAGE="0109Concluyo la Ejecucion  de %%PARM3 del job %%JOBNAME del proceso %%PARM4 con Odate %%$ODATE, favor de validar." ATTACH_SYSOUT="Y" />
            </ON>
        </JOB>
        <JOB JOBISN="0" APPLICATION="KQPD-MX-DATIO" SUB_APPLICATION="BCBS-RKS-DATIO-CCR" JOBNAME="MKQPDCP4015" DESCRIPTION="INGESTA RAW - DQR - DQ5" CREATED_BY="XMY0139" RUN_AS="sentry" CRITICAL="0" TASKTYPE="Command" CYCLIC="0" NODEID="MX-SENTRY-00" INTERVAL="00001M" CMDLINE="/opt/datio/sentry-mx/dataproc_sentry.py %%SENTRY_JOB %%SENTRY_OPT '%%SENTRY_PARM'" CONFIRM="0" DAYSCAL="MXHABILE" RETRO="0" MAXWAIT="1" MAXRERUN="0" AUTOARCH="1" MAXDAYS="0" MAXRUNS="0" DAYS="D5" JAN="1" FEB="1" MAR="1" APR="1" MAY="1" JUN="1" JUL="1" AUG="1" SEP="1" OCT="1" NOV="1" DEC="1" DAYS_AND_OR="O" SHIFT="Ignore Job" SHIFTNUM="+00" SYSDB="1" IND_CYCLIC="S" CREATION_USER="XME7894" CREATION_DATE="20210422" CREATION_TIME="121637" RULE_BASED_CALENDAR_RELATIONSHIP="O" APPL_TYPE="OS" CM_VER="N/A" MULTY_AGENT="N" USE_INSTREAM_JCL="N" VERSION_SERIAL="1" CYCLIC_TOLERANCE="0" CYCLIC_TYPE="C" PARENT_FOLDER="CR-MXKQPDMEN-K02">
            <VARIABLE NAME="%%PARM1" VALUE="%%$CALCDATE %%$OYEAR.%%OMONTH.01 -1" />
            <VARIABLE NAME="%%A" VALUE="%%SUBSTR %%PARM1 1 4" />
            <VARIABLE NAME="%%M" VALUE="%%SUBSTR %%PARM1 5 2" />
            <VARIABLE NAME="%%D" VALUE="%%SUBSTR %%PARM1 7 2" />
            <VARIABLE NAME="%%PARM2" VALUE="%%A-%%M-%%D" />
            <VARIABLE NAME="%%PARM3" VALUE="DQ5" />
            <VARIABLE NAME="%%PARM4" VALUE="SAS_Productivo_Aprovisionamiento_IFRS9" />
            <VARIABLE NAME="%%PARM5" VALUE="sasqualityresults" />
            <VARIABLE NAME="%%PARM6" VALUE="INGESTA RAW" />
            <VARIABLE NAME="%%KIRBYREPARTITION" VALUE="1" />
            <VARIABLE NAME="%%SENTRY_JOB" VALUE="-ns mx.kqpd.app-id-21822.pro -jn kqpd-mx-krb-inr-sasqualityresultsi-01 -o %%ORDERID" />
            <VARIABLE NAME="%%SENTRY_OPT" VALUE="-b" />
            <VARIABLE NAME="%%SENTRY_PARM" VALUE="{&quot;env&quot;: {&quot;SUFFIX&quot;: &quot;%%PARM3&quot;,&quot;FILE_DATE&quot;:&quot;%%PARM1&quot;,&quot;CUTOFF_DATE&quot;:&quot;%%PARM2&quot;, &quot;KIRBY_REPARTITION&quot;:&quot;%%KIRBYREPARTITION&quot;, &quot;DATA1&quot;:&quot;%%PARM4&quot;,&quot;CONTROLM_JOB_ID&quot;:&quot;%%JOBNAME&quot;,&quot;CONTROLM_JOB_FLOW&quot;:&quot;%%SCHEDTAB&quot;} }" />
            <INCOND NAME="MKQPDVP4022-TO-MKQPDCP4015" ODATE="ODAT" AND_OR="A" />
            <QUANTITATIVE NAME="DATIO_SENTRY_MX" QUANT="1" ONFAIL="R" ONOK="R" />
            <OUTCOND NAME="MKQPDVP4022-TO-MKQPDCP4015" ODATE="ODAT" SIGN="-" />
            <OUTCOND NAME="MKQPDCP4015-TO-MKQPDCP4016" ODATE="ODAT" SIGN="+" />
            <ON STMT="*" CODE="NOTOK">
                <DOMAIL URGENCY="U" DEST="me.jimenez@bbva.com;juangibran.romero.miranda@bbva.com;julio.jimenez.1.contractor@bbva.com;gustavo.martinez.arambula.contractor@bbva.com" SUBJECT="Ejecucion  fallida del job %%JOBNAME - %%PARM6 - %%PARM3 - Odate  %%$ODATE" MESSAGE="0109Concluyo la Ejecucion  de %%PARM6 del job %%JOBNAME del proceso %%PARM3 con Odate %%$ODATE, favor de validar." ATTACH_SYSOUT="Y" />
            </ON>
            <ON STMT="*" CODE="OK">
                <DOMAIL URGENCY="R" DEST="me.jimenez@bbva.com;juangibran.romero.miranda@bbva.com;julio.jimenez.1.contractor@bbva.com;gustavo.martinez.arambula.contractor@bbva.com" SUBJECT="Ejecucion  exitosa del job %%JOBNAME - %%PARM6 - %%PARM3 - Odate  %%$ODATE" MESSAGE="0109Concluyo la Ejecucion  de %%PARM6 del job %%JOBNAME del proceso %%PARM3 con Odate %%$ODATE, favor de validar." ATTACH_SYSOUT="Y" />
            </ON>
        </JOB>
        <JOB JOBISN="0" APPLICATION="KQPD-MX-DATIO" SUB_APPLICATION="BCBS-RKS-DATIO-CCR" JOBNAME="MKQPDCP4016" DESCRIPTION="INGESTA MASTER - DQR - DQ5" CREATED_BY="XMY0139" RUN_AS="sentry" CRITICAL="0" TASKTYPE="Command" CYCLIC="0" NODEID="MX-SENTRY-00" INTERVAL="00001M" CMDLINE="/opt/datio/sentry-mx/dataproc_sentry.py %%SENTRY_JOB %%SENTRY_OPT '%%SENTRY_PARM'" CONFIRM="0" DAYSCAL="MXHABILE" RETRO="0" MAXWAIT="1" MAXRERUN="0" AUTOARCH="1" MAXDAYS="0" MAXRUNS="0" DAYS="D5" JAN="1" FEB="1" MAR="1" APR="1" MAY="1" JUN="1" JUL="1" AUG="1" SEP="1" OCT="1" NOV="1" DEC="1" DAYS_AND_OR="O" SHIFT="Ignore Job" SHIFTNUM="+00" SYSDB="1" IND_CYCLIC="S" CREATION_USER="XME7894" CREATION_DATE="20210422" CREATION_TIME="121637" RULE_BASED_CALENDAR_RELATIONSHIP="O" APPL_TYPE="OS" CM_VER="N/A" MULTY_AGENT="N" USE_INSTREAM_JCL="N" VERSION_SERIAL="1" CYCLIC_TOLERANCE="0" CYCLIC_TYPE="C" PARENT_FOLDER="CR-MXKQPDMEN-K02">
            <VARIABLE NAME="%%PARM1" VALUE="%%$CALCDATE %%$OYEAR.%%OMONTH.01 -1" />
            <VARIABLE NAME="%%A" VALUE="%%SUBSTR %%PARM1 1 4" />
            <VARIABLE NAME="%%M" VALUE="%%SUBSTR %%PARM1 5 2" />
            <VARIABLE NAME="%%D" VALUE="%%SUBSTR %%PARM1 7 2" />
            <VARIABLE NAME="%%PARM2" VALUE="%%A-%%M-%%D" />
            <VARIABLE NAME="%%PARM3" VALUE="DQ5" />
            <VARIABLE NAME="%%PARM4" VALUE="SAS_Productivo_Aprovisionamiento_IFRS9" />
            <VARIABLE NAME="%%PARM5" VALUE="sasqualityresults" />
            <VARIABLE NAME="%%PARM6" VALUE="INGESTA MASTER" />
            <VARIABLE NAME="%%KIRBYREPARTITION" VALUE="1" />
            <VARIABLE NAME="%%SENTRY_JOB" VALUE="-ns mx.kqpd.app-id-21822.pro -jn kqpd-mx-krb-inm-sasqualityresultsi-01 -o %%ORDERID" />
            <VARIABLE NAME="%%SENTRY_OPT" VALUE="-b" />
            <VARIABLE NAME="%%SENTRY_PARM" VALUE="{&quot;env&quot;: {&quot;SUFFIX&quot;: &quot;%%PARM3&quot;,&quot;FILE_DATE&quot;:&quot;%%PARM1&quot;, &quot;CUTOFF_DATE&quot;:&quot;%%PARM2&quot;, &quot;CUTOFF_DATE1&quot;:&quot;%%PARM2&quot;, &quot;KIRBY_REPARTITION&quot;:&quot;%%KIRBYREPARTITION&quot;, &quot;DATA1&quot;:&quot;%%PARM4&quot;, &quot;CONTROLM_JOB_ID&quot;:&quot;%%JOBNAME&quot;,&quot;CONTROLM_JOB_FLOW&quot;:&quot;%%SCHEDTAB&quot;} }" />
            <INCOND NAME="MKQPDCP4015-TO-MKQPDCP4016" ODATE="ODAT" AND_OR="A" />
            <QUANTITATIVE NAME="DATIO_SENTRY_MX" QUANT="1" ONFAIL="R" ONOK="R" />
            <OUTCOND NAME="MKQPDCP4015-TO-MKQPDCP4016" ODATE="ODAT" SIGN="-" />
            <OUTCOND NAME="MKQPDCP4016-TO-MKQPDVP4023" ODATE="ODAT" SIGN="+" />
            <ON STMT="*" CODE="NOTOK">
                <DOMAIL URGENCY="U" DEST="me.jimenez@bbva.com;juangibran.romero.miranda@bbva.com;julio.jimenez.1.contractor@bbva.com;gustavo.martinez.arambula.contractor@bbva.com" SUBJECT="Ejecucion  fallida del job %%JOBNAME - %%PARM6 - %%PARM3 - Odate  %%$ODATE" MESSAGE="0109Concluyo la Ejecucion  de %%PARM6 del job %%JOBNAME del proceso %%PARM3 con Odate %%$ODATE, favor de validar." ATTACH_SYSOUT="Y" />
            </ON>
            <ON STMT="*" CODE="OK">
                <DOMAIL URGENCY="R" DEST="me.jimenez@bbva.com;juangibran.romero.miranda@bbva.com;julio.jimenez.1.contractor@bbva.com;gustavo.martinez.arambula.contractor@bbva.com" SUBJECT="Ejecucion  exitosa del job %%JOBNAME - %%PARM6 - %%PARM3 - Odate  %%$ODATE" MESSAGE="0109Concluyo la Ejecucion  de %%PARM6 del job %%JOBNAME del proceso %%PARM3 con Odate %%$ODATE, favor de validar." ATTACH_SYSOUT="Y" />
            </ON>
        </JOB>
        <JOB JOBISN="0" APPLICATION="KQPD-MX-DATIO" SUB_APPLICATION="BCBS-RKS-DATIO-CCR" JOBNAME="MKQPDVP4023" DESCRIPTION="QA REGLAS BASICAS RAW - DQR - DQ5" CREATED_BY="XMY0139" RUN_AS="sentry" CRITICAL="0" TASKTYPE="Command" CYCLIC="0" NODEID="MX-SENTRY-00" INTERVAL="00001M" CMDLINE="/opt/datio/sentry-mx/dataproc_sentry.py %%SENTRY_JOB %%SENTRY_OPT '%%SENTRY_PARM'" CONFIRM="0" DAYSCAL="MXHABILE" RETRO="0" MAXWAIT="1" MAXRERUN="0" AUTOARCH="1" MAXDAYS="0" MAXRUNS="0" DAYS="D5" JAN="1" FEB="1" MAR="1" APR="1" MAY="1" JUN="1" JUL="1" AUG="1" SEP="1" OCT="1" NOV="1" DEC="1" DAYS_AND_OR="O" SHIFT="Ignore Job" SHIFTNUM="+00" SYSDB="1" IND_CYCLIC="S" CREATION_USER="XME7894" CREATION_DATE="20210422" CREATION_TIME="121637" RULE_BASED_CALENDAR_RELATIONSHIP="O" APPL_TYPE="OS" CM_VER="N/A" MULTY_AGENT="N" USE_INSTREAM_JCL="N" VERSION_SERIAL="1" CYCLIC_TOLERANCE="0" CYCLIC_TYPE="C" PARENT_FOLDER="CR-MXKQPDMEN-K02">
            <VARIABLE NAME="%%PARM1" VALUE="%%$CALCDATE %%$OYEAR.%%OMONTH.01 -1" />
            <VARIABLE NAME="%%A" VALUE="%%SUBSTR %%PARM1 1 4" />
            <VARIABLE NAME="%%M" VALUE="%%SUBSTR %%PARM1 5 2" />
            <VARIABLE NAME="%%D" VALUE="%%SUBSTR %%PARM1 7 2" />
            <VARIABLE NAME="%%PARM2" VALUE="%%A-%%M-%%D" />
            <VARIABLE NAME="%%PARM3" VALUE="DQ5" />
            <VARIABLE NAME="%%PARM4" VALUE="SAS_Productivo_Aprovisionamiento_IFRS9" />
            <VARIABLE NAME="%%PARM5" VALUE="sasqualityresults" />
            <VARIABLE NAME="%%PARM6" VALUE="DQ RAW" />
            <VARIABLE NAME="%%SENTRY_JOB" VALUE="-ns mx.kqpd.app-id-21822.pro -jn kqpd-mx-spk-qlt-sasqualityresultsr-04 -o %%ORDERID" />
            <VARIABLE NAME="%%SENTRY_OPT" VALUE="-b" />
            <VARIABLE NAME="%%SENTRY_PARM" VALUE="{&quot;env&quot;: {&quot;CUTOFF_DATE&quot;:&quot;%%PARM2&quot;, &quot;SUBSET_DATE&quot;:&quot;%%PARM2&quot;, &quot;SUBSET_DATE1&quot;:&quot;%%PARM2&quot;, &quot;SUFFIX&quot;:&quot;%%PARM3&quot;,&quot;FILE_DATE&quot;:&quot;%%PARM1&quot;, &quot;DATA1&quot;: &quot;%%PARM4&quot;, &quot;CONTROLM_JOB_ID&quot;:&quot;%%JOBNAME&quot;,&quot;CONTROLM_JOB_FLOW&quot;:&quot;%%SCHEDTAB&quot;} }" />
            <INCOND NAME="MKQPDCP4016-TO-MKQPDVP4023" ODATE="ODAT" AND_OR="A" />
            <QUANTITATIVE NAME="DATIO_SENTRY_MX" QUANT="1" ONFAIL="R" ONOK="R" />
            <OUTCOND NAME="MKQPDCP4016-TO-MKQPDVP4023" ODATE="ODAT" SIGN="-" />
            <OUTCOND NAME="MKQPDVP4023-TO-MKQPDVP4024" ODATE="ODAT" SIGN="+" />
            <ON STMT="*" CODE="NOTOK">
                <DOMAIL URGENCY="U" DEST="me.jimenez@bbva.com;juangibran.romero.miranda@bbva.com;julio.jimenez.1.contractor@bbva.com;gustavo.martinez.arambula.contractor@bbva.com" SUBJECT="Ejecucion  fallida del job %%JOBNAME - %%PARM6 - %%PARM3 - Odate  %%$ODATE" MESSAGE="0109Concluyo la Ejecucion  de %%PARM6 del job %%JOBNAME del proceso %%PARM3 con Odate %%$ODATE, favor de validar." ATTACH_SYSOUT="Y" />
            </ON>
            <ON STMT="*" CODE="OK">
                <DOMAIL URGENCY="R" DEST="me.jimenez@bbva.com;juangibran.romero.miranda@bbva.com;julio.jimenez.1.contractor@bbva.com;gustavo.martinez.arambula.contractor@bbva.com" SUBJECT="Ejecucion  exitosa del job %%JOBNAME - %%PARM6 - %%PARM3 - Odate  %%$ODATE" MESSAGE="0109Concluyo la Ejecucion  de %%PARM6 del job %%JOBNAME del proceso %%PARM3 con Odate %%$ODATE, favor de validar." ATTACH_SYSOUT="Y" />
            </ON>
        </JOB>
        <JOB JOBISN="0" APPLICATION="KQPD-MX-DATIO" SUB_APPLICATION="BCBS-RKS-DATIO-CCR" JOBNAME="MKQPDVP4024" DESCRIPTION="QA REGLAS BASICAS MASTER - DQR - DQ5" CREATED_BY="XMY0139" RUN_AS="sentry" CRITICAL="0" TASKTYPE="Command" CYCLIC="0" NODEID="MX-SENTRY-00" INTERVAL="00001M" CMDLINE="/opt/datio/sentry-mx/dataproc_sentry.py %%SENTRY_JOB %%SENTRY_OPT '%%SENTRY_PARM'" CONFIRM="0" DAYSCAL="MXHABILE" RETRO="0" MAXWAIT="1" MAXRERUN="0" AUTOARCH="1" MAXDAYS="0" MAXRUNS="0" DAYS="D5" JAN="1" FEB="1" MAR="1" APR="1" MAY="1" JUN="1" JUL="1" AUG="1" SEP="1" OCT="1" NOV="1" DEC="1" DAYS_AND_OR="O" SHIFT="Ignore Job" SHIFTNUM="+00" SYSDB="1" IND_CYCLIC="S" CREATION_USER="XME7894" CREATION_DATE="20210422" CREATION_TIME="121637" RULE_BASED_CALENDAR_RELATIONSHIP="O" APPL_TYPE="OS" CM_VER="N/A" MULTY_AGENT="N" USE_INSTREAM_JCL="N" VERSION_SERIAL="1" CYCLIC_TOLERANCE="0" CYCLIC_TYPE="C" PARENT_FOLDER="CR-MXKQPDMEN-K02">
            <VARIABLE NAME="%%PARM1" VALUE="%%$CALCDATE %%$OYEAR.%%OMONTH.01 -1" />
            <VARIABLE NAME="%%A" VALUE="%%SUBSTR %%PARM1 1 4" />
            <VARIABLE NAME="%%M" VALUE="%%SUBSTR %%PARM1 5 2" />
            <VARIABLE NAME="%%D" VALUE="%%SUBSTR %%PARM1 7 2" />
            <VARIABLE NAME="%%PARM2" VALUE="%%A-%%M-%%D" />
            <VARIABLE NAME="%%PARM3" VALUE="DQ5" />
            <VARIABLE NAME="%%PARM4" VALUE="SAS_Productivo_Aprovisionamiento_IFRS9" />
            <VARIABLE NAME="%%PARM5" VALUE="sasqualityresults" />
            <VARIABLE NAME="%%PARM6" VALUE="DQ MASTER" />
            <VARIABLE NAME="%%SENTRY_JOB" VALUE="-ns mx.kqpd.app-id-21822.pro -jn kqpd-mx-spk-qlt-sasqualityresultsm-04 -o %%ORDERID" />
            <VARIABLE NAME="%%SENTRY_OPT" VALUE="-b" />
            <VARIABLE NAME="%%SENTRY_PARM" VALUE="{&quot;env&quot;: {&quot;CUTOFF_DATE&quot;: &quot;%%PARM2&quot;,&quot;SUBSET_DATE&quot;:&quot;%%PARM2&quot;, &quot;SUBSET_DATE1&quot;:&quot;%%PARM2&quot;, &quot;DATA1&quot;:&quot;%%PARM4&quot;,&quot;CONTROLM_JOB_ID&quot;:&quot;%%JOBNAME&quot;,&quot;CONTROLM_JOB_FLOW&quot;:&quot;%%SCHEDTAB&quot;} }" />
            <INCOND NAME="MKQPDVP4023-TO-MKQPDVP4024" ODATE="ODAT" AND_OR="A" />
            <QUANTITATIVE NAME="DATIO_SENTRY_MX" QUANT="1" ONFAIL="R" ONOK="R" />
            <OUTCOND NAME="MKQPDVP4023-TO-MKQPDVP4024" ODATE="ODAT" SIGN="-" />
            <OUTCOND NAME="MKQPDVP4024-TO-MKQPDDP4008" ODATE="ODAT" SIGN="+" />
            <ON STMT="*" CODE="NOTOK">
                <DOMAIL URGENCY="U" DEST="me.jimenez@bbva.com;juangibran.romero.miranda@bbva.com;julio.jimenez.1.contractor@bbva.com;gustavo.martinez.arambula.contractor@bbva.com" SUBJECT="Ejecucion  fallida del job %%JOBNAME - %%PARM6 - %%PARM3 - Odate  %%$ODATE" MESSAGE="0109Concluyo la Ejecucion  de %%PARM6 del job %%JOBNAME del proceso %%PARM3 con Odate %%$ODATE, favor de validar." ATTACH_SYSOUT="Y" />
            </ON>
            <ON STMT="*" CODE="OK">
                <DOMAIL URGENCY="R" DEST="me.jimenez@bbva.com;juangibran.romero.miranda@bbva.com;julio.jimenez.1.contractor@bbva.com;gustavo.martinez.arambula.contractor@bbva.com" SUBJECT="Ejecucion  exitosa del job %%JOBNAME - %%PARM6 - %%PARM3 - Odate  %%$ODATE" MESSAGE="0109Concluyo la Ejecucion  de %%PARM6 del job %%JOBNAME del proceso %%PARM3 con Odate %%$ODATE, favor de validar." ATTACH_SYSOUT="Y" />
            </ON>
        </JOB>
        <JOB JOBISN="0" APPLICATION="KQPD-MX-DATIO" SUB_APPLICATION="BCBS-RKS-DATIO-CCR" JOBNAME="MKQPDDP4008" DESCRIPTION="BORRADO STAGING - DQR - DQ5" CREATED_BY="XMY0139" RUN_AS="sentry" CRITICAL="0" TASKTYPE="Command" CYCLIC="0" NODEID="MX-SENTRY-00" INTERVAL="00001M" CMDLINE="/opt/datio/sentry-mx/dataproc_sentry.py %%SENTRY_JOB %%SENTRY_OPT '%%SENTRY_PARM'" CONFIRM="0" DAYSCAL="MXHABILE" RETRO="0" MAXWAIT="1" MAXRERUN="0" AUTOARCH="1" MAXDAYS="0" MAXRUNS="0" DAYS="D5" JAN="1" FEB="1" MAR="1" APR="1" MAY="1" JUN="1" JUL="1" AUG="1" SEP="1" OCT="1" NOV="1" DEC="1" DAYS_AND_OR="O" SHIFT="Ignore Job" SHIFTNUM="+00" SYSDB="1" IND_CYCLIC="S" CREATION_USER="XME7894" CREATION_DATE="20210422" CREATION_TIME="121637" CHANGE_USERID="XME7894" CHANGE_DATE="20210422" CHANGE_TIME="133009" RULE_BASED_CALENDAR_RELATIONSHIP="O" APPL_TYPE="OS" CM_VER="N/A" MULTY_AGENT="N" USE_INSTREAM_JCL="N" VERSION_SERIAL="2" CYCLIC_TOLERANCE="0" CYCLIC_TYPE="C" PARENT_FOLDER="CR-MXKQPDMEN-K02">
            <VARIABLE NAME="%%PARM1" VALUE="%%$CALCDATE %%$OYEAR.%%OMONTH.01 -1" />
            <VARIABLE NAME="%%PARM2" VALUE="sasqualityresults" />
            <VARIABLE NAME="%%PARM3" VALUE="DQ5" />
            <VARIABLE NAME="%%PARM4" VALUE="BORRADO" />
            <VARIABLE NAME="%%SENTRY_JOB" VALUE="-ns mx.kqpd.app-id-21822.pro -jn kqpd-mx-dfs-rmv-hdfs-01 -o %%ORDERID" />
            <VARIABLE NAME="%%SENTRY_OPT" VALUE="-b" />
            <VARIABLE NAME="%%SENTRY_PARM" VALUE="{&quot;env&quot;: {&quot;HADOOP_MODE&quot;: &quot;REMOVE&quot;,&quot;HADOOP_PATH&quot;: &quot;/in/staging/ratransmit/sas/bcbs/DQLEGACY_%%PARM2._%%PARM1..c*&quot;,&quot;CONTROLM_JOB_ID&quot;:&quot;%%JOBNAME&quot;,&quot;CONTROLM_JOB_FLOW&quot;:&quot;%%SCHEDTAB&quot; } }" />
            <INCOND NAME="MKQPDVP4024-TO-MKQPDDP4008" ODATE="ODAT" AND_OR="A" />
            <QUANTITATIVE NAME="DATIO_SENTRY_MX" QUANT="1" ONFAIL="R" ONOK="R" />
            <OUTCOND NAME="MKQPDVP4024-TO-MKQPDDP4008" ODATE="ODAT" SIGN="-" />
            <ON STMT="*" CODE="NOTOK">
                <DOMAIL URGENCY="U" DEST="me.jimenez@bbva.com;juangibran.romero.miranda@bbva.com;julio.jimenez.1.contractor@bbva.com;gustavo.martinez.arambula.contractor@bbva.com" SUBJECT="Ejecucion  fallida del job %%JOBNAME - %%PARM4 - %%PARM3 - Odate  %%$ODATE" MESSAGE="0109Concluyo la Ejecucion  de %%PARM4 del job %%JOBNAME del proceso %%PARM3 con Odate %%$ODATE, favor de validar." ATTACH_SYSOUT="Y" />
            </ON>
            <ON STMT="*" CODE="OK">
                <DOMAIL URGENCY="R" DEST="me.jimenez@bbva.com;juangibran.romero.miranda@bbva.com;julio.jimenez.1.contractor@bbva.com;gustavo.martinez.arambula.contractor@bbva.com" SUBJECT="Ejecucion  exitosa del job %%JOBNAME - %%PARM4 - %%PARM3 - Odate  %%$ODATE" MESSAGE="0109Concluyo la Ejecucion  de %%PARM4 del job %%JOBNAME del proceso %%PARM3 con Odate %%$ODATE, favor de validar." ATTACH_SYSOUT="Y" />
            </ON>
        </JOB>
        <JOB JOBISN="0" APPLICATION="KQPD-MX-DATIO" SUB_APPLICATION="BCBS-RKS-DATIO-CCR" JOBNAME="MKQPDVP4025" DESCRIPTION="QA REGLAS BASICAS STAGING - DQR - DQ6" CREATED_BY="XMY0139" RUN_AS="sentry" CRITICAL="0" TASKTYPE="Command" CYCLIC="0" NODEID="MX-SENTRY-00" INTERVAL="00001M" CMDLINE="/opt/datio/sentry-mx/dataproc_sentry.py %%SENTRY_JOB %%SENTRY_OPT '%%SENTRY_PARM'" CONFIRM="0" DAYSCAL="MXHABILE" RETRO="0" MAXWAIT="1" MAXRERUN="0" AUTOARCH="1" MAXDAYS="0" MAXRUNS="0" DAYS="D8" JAN="1" FEB="1" MAR="1" APR="1" MAY="1" JUN="1" JUL="1" AUG="1" SEP="1" OCT="1" NOV="1" DEC="1" DAYS_AND_OR="O" SHIFT="Ignore Job" SHIFTNUM="+00" SYSDB="1" IND_CYCLIC="S" CREATION_USER="XME7894" CREATION_DATE="20210422" CREATION_TIME="121637" CHANGE_USERID="XME7894" CHANGE_DATE="20210422" CHANGE_TIME="133009" RULE_BASED_CALENDAR_RELATIONSHIP="O" APPL_TYPE="OS" CM_VER="N/A" MULTY_AGENT="N" USE_INSTREAM_JCL="N" VERSION_SERIAL="2" CYCLIC_TOLERANCE="0" CYCLIC_TYPE="C" PARENT_FOLDER="CR-MXKQPDMEN-K02">
            <VARIABLE NAME="%%PARM1" VALUE="%%$CALCDATE %%$OYEAR.%%OMONTH.01 -1" />
            <VARIABLE NAME="%%A" VALUE="%%SUBSTR %%PARM1 1 4" />
            <VARIABLE NAME="%%M" VALUE="%%SUBSTR %%PARM1 5 2" />
            <VARIABLE NAME="%%D" VALUE="%%SUBSTR %%PARM1 7 2" />
            <VARIABLE NAME="%%PARM2" VALUE="%%A-%%M-%%D" />
            <VARIABLE NAME="%%PARM3" VALUE="DQ6" />
            <VARIABLE NAME="%%PARM4" VALUE="sasqualityresults" />
            <VARIABLE NAME="%%PARM5" VALUE="DQ STAGING" />
            <VARIABLE NAME="%%SENTRY_JOB" VALUE="-ns mx.kqpd.app-id-21822.pro -jn kqpd-mx-spk-qlt-sasqualityresultss-01 -o %%ORDERID" />
            <VARIABLE NAME="%%SENTRY_OPT" VALUE="-b" />
            <VARIABLE NAME="%%SENTRY_PARM" VALUE="{&quot;env&quot;: {&quot;CUTOFF_DATE&quot;: &quot;%%PARM2&quot;, &quot;SUFFIX&quot;: &quot;%%PARM3&quot;, &quot;FILE_DATE&quot;:&quot;%%PARM1&quot;, &quot;CONTROLM_JOB_ID&quot;:&quot;%%JOBNAME&quot;,&quot;CONTROLM_JOB_FLOW&quot;:&quot;%%SCHEDTAB&quot;} }" />
            <INCOND NAME="MMDQRTP4109-TO-MKQPDVP4025" ODATE="ODAT" AND_OR="A" />
            <QUANTITATIVE NAME="DATIO_SENTRY_MX" QUANT="1" ONFAIL="R" ONOK="R" />
            <OUTCOND NAME="MMDQRTP4109-TO-MKQPDVP4025" ODATE="ODAT" SIGN="-" />
            <OUTCOND NAME="MKQPDVP4025-TO-MKQPDCP4017" ODATE="ODAT" SIGN="+" />
            <ON STMT="*" CODE="NOTOK">
                <DOMAIL URGENCY="U" DEST="me.jimenez@bbva.com;juangibran.romero.miranda@bbva.com;julio.jimenez.1.contractor@bbva.com;gustavo.martinez.arambula.contractor@bbva.com" SUBJECT="Ejecucion  fallida del job %%JOBNAME - %%PARM3 - %%PARM4 - Odate  %%$ODATE" MESSAGE="0109Concluyo la Ejecucion  de %%PARM3 del job %%JOBNAME del proceso %%PARM4 con Odate %%$ODATE, favor de validar." ATTACH_SYSOUT="Y" />
            </ON>
            <ON STMT="*" CODE="OK">
                <DOMAIL URGENCY="R" DEST="me.jimenez@bbva.com;juangibran.romero.miranda@bbva.com;julio.jimenez.1.contractor@bbva.com;gustavo.martinez.arambula.contractor@bbva.com" SUBJECT="Ejecucion  exitosa del job %%JOBNAME - %%PARM3 - %%PARM4 - Odate  %%$ODATE" MESSAGE="0109Concluyo la Ejecucion  de %%PARM3 del job %%JOBNAME del proceso %%PARM4 con Odate %%$ODATE, favor de validar." ATTACH_SYSOUT="Y" />
            </ON>
        </JOB>
        <JOB JOBISN="0" APPLICATION="KQPD-MX-DATIO" SUB_APPLICATION="BCBS-RKS-DATIO-CCR" JOBNAME="MKQPDCP4017" DESCRIPTION="INGESTA RAW - DQR - DQ6" CREATED_BY="XMY0139" RUN_AS="sentry" CRITICAL="0" TASKTYPE="Command" CYCLIC="0" NODEID="MX-SENTRY-00" INTERVAL="00001M" CMDLINE="/opt/datio/sentry-mx/dataproc_sentry.py %%SENTRY_JOB %%SENTRY_OPT '%%SENTRY_PARM'" CONFIRM="0" DAYSCAL="MXHABILE" RETRO="0" MAXWAIT="1" MAXRERUN="0" AUTOARCH="1" MAXDAYS="0" MAXRUNS="0" DAYS="D8" JAN="1" FEB="1" MAR="1" APR="1" MAY="1" JUN="1" JUL="1" AUG="1" SEP="1" OCT="1" NOV="1" DEC="1" DAYS_AND_OR="O" SHIFT="Ignore Job" SHIFTNUM="+00" SYSDB="1" IND_CYCLIC="S" CREATION_USER="XME7894" CREATION_DATE="20210422" CREATION_TIME="121637" RULE_BASED_CALENDAR_RELATIONSHIP="O" APPL_TYPE="OS" CM_VER="N/A" MULTY_AGENT="N" USE_INSTREAM_JCL="N" VERSION_SERIAL="1" CYCLIC_TOLERANCE="0" CYCLIC_TYPE="C" PARENT_FOLDER="CR-MXKQPDMEN-K02">
            <VARIABLE NAME="%%PARM1" VALUE="%%$CALCDATE %%$OYEAR.%%OMONTH.01 -1" />
            <VARIABLE NAME="%%A" VALUE="%%SUBSTR %%PARM1 1 4" />
            <VARIABLE NAME="%%M" VALUE="%%SUBSTR %%PARM1 5 2" />
            <VARIABLE NAME="%%D" VALUE="%%SUBSTR %%PARM1 7 2" />
            <VARIABLE NAME="%%PARM2" VALUE="%%A-%%M-%%D" />
            <VARIABLE NAME="%%PARM3" VALUE="DQ6" />
            <VARIABLE NAME="%%PARM4" VALUE="SAS_Productivo_IFRS9_output" />
            <VARIABLE NAME="%%PARM5" VALUE="sasqualityresults" />
            <VARIABLE NAME="%%PARM6" VALUE="INGESTA RAW" />
            <VARIABLE NAME="%%KIRBYREPARTITION" VALUE="1" />
            <VARIABLE NAME="%%SENTRY_JOB" VALUE="-ns mx.kqpd.app-id-21822.pro -jn kqpd-mx-krb-inr-sasqualityresultsi-01 -o %%ORDERID" />
            <VARIABLE NAME="%%SENTRY_OPT" VALUE="-b" />
            <VARIABLE NAME="%%SENTRY_PARM" VALUE="{&quot;env&quot;: {&quot;SUFFIX&quot;:&quot;%%PARM3&quot;,&quot;FILE_DATE&quot;:&quot;%%PARM1&quot;,&quot;CUTOFF_DATE&quot;:&quot;%%PARM2&quot;, &quot;KIRBY_REPARTITION&quot;:&quot;%%KIRBYREPARTITION&quot;, &quot;DATA1&quot;:&quot;%%PARM4&quot;,&quot;CONTROLM_JOB_ID&quot;:&quot;%%JOBNAME&quot;,&quot;CONTROLM_JOB_FLOW&quot;:&quot;%%SCHEDTAB&quot;} }" />
            <INCOND NAME="MKQPDVP4025-TO-MKQPDCP4017" ODATE="ODAT" AND_OR="A" />
            <QUANTITATIVE NAME="DATIO_SENTRY_MX" QUANT="1" ONFAIL="R" ONOK="R" />
            <OUTCOND NAME="MKQPDVP4025-TO-MKQPDCP4017" ODATE="ODAT" SIGN="-" />
            <OUTCOND NAME="MKQPDCP4017-TO-MKQPDCP4018" ODATE="ODAT" SIGN="+" />
            <ON STMT="*" CODE="NOTOK">
                <DOMAIL URGENCY="U" DEST="me.jimenez@bbva.com;juangibran.romero.miranda@bbva.com;julio.jimenez.1.contractor@bbva.com;gustavo.martinez.arambula.contractor@bbva.com" SUBJECT="Ejecucion  fallida del job %%JOBNAME - %%PARM6 - %%PARM3 - Odate  %%$ODATE" MESSAGE="0109Concluyo la Ejecucion  de %%PARM6 del job %%JOBNAME del proceso %%PARM3 con Odate %%$ODATE, favor de validar." ATTACH_SYSOUT="Y" />
            </ON>
            <ON STMT="*" CODE="OK">
                <DOMAIL URGENCY="R" DEST="me.jimenez@bbva.com;juangibran.romero.miranda@bbva.com;julio.jimenez.1.contractor@bbva.com;gustavo.martinez.arambula.contractor@bbva.com" SUBJECT="Ejecucion  exitosa del job %%JOBNAME - %%PARM6 - %%PARM3 - Odate  %%$ODATE" MESSAGE="0109Concluyo la Ejecucion  de %%PARM6 del job %%JOBNAME del proceso %%PARM3 con Odate %%$ODATE, favor de validar." ATTACH_SYSOUT="Y" />
            </ON>
        </JOB>
        <JOB JOBISN="0" APPLICATION="KQPD-MX-DATIO" SUB_APPLICATION="BCBS-RKS-DATIO-CCR" JOBNAME="MKQPDCP4018" DESCRIPTION="INGESTA MASTER - DQR - DQ6" CREATED_BY="XMY0139" RUN_AS="sentry" CRITICAL="0" TASKTYPE="Command" CYCLIC="0" NODEID="MX-SENTRY-00" INTERVAL="00001M" CMDLINE="/opt/datio/sentry-mx/dataproc_sentry.py %%SENTRY_JOB %%SENTRY_OPT '%%SENTRY_PARM'" CONFIRM="0" DAYSCAL="MXHABILE" RETRO="0" MAXWAIT="1" MAXRERUN="0" AUTOARCH="1" MAXDAYS="0" MAXRUNS="0" DAYS="D8" JAN="1" FEB="1" MAR="1" APR="1" MAY="1" JUN="1" JUL="1" AUG="1" SEP="1" OCT="1" NOV="1" DEC="1" DAYS_AND_OR="O" SHIFT="Ignore Job" SHIFTNUM="+00" SYSDB="1" IND_CYCLIC="S" CREATION_USER="XME7894" CREATION_DATE="20210422" CREATION_TIME="121637" RULE_BASED_CALENDAR_RELATIONSHIP="O" APPL_TYPE="OS" CM_VER="N/A" MULTY_AGENT="N" USE_INSTREAM_JCL="N" VERSION_SERIAL="1" CYCLIC_TOLERANCE="0" CYCLIC_TYPE="C" PARENT_FOLDER="CR-MXKQPDMEN-K02">
            <VARIABLE NAME="%%PARM1" VALUE="%%$CALCDATE %%$OYEAR.%%OMONTH.01 -1" />
            <VARIABLE NAME="%%A" VALUE="%%SUBSTR %%PARM1 1 4" />
            <VARIABLE NAME="%%M" VALUE="%%SUBSTR %%PARM1 5 2" />
            <VARIABLE NAME="%%D" VALUE="%%SUBSTR %%PARM1 7 2" />
            <VARIABLE NAME="%%PARM2" VALUE="%%A-%%M-%%D" />
            <VARIABLE NAME="%%PARM3" VALUE="DQ6" />
            <VARIABLE NAME="%%PARM4" VALUE="SAS_Productivo_IFRS9_output" />
            <VARIABLE NAME="%%PARM5" VALUE="sasqualityresults" />
            <VARIABLE NAME="%%PARM6" VALUE="INGESTA MASTER" />
            <VARIABLE NAME="%%KIRBYREPARTITION" VALUE="1" />
            <VARIABLE NAME="%%SENTRY_JOB" VALUE="-ns mx.kqpd.app-id-21822.pro -jn kqpd-mx-krb-inm-sasqualityresultsi-01 -o %%ORDERID" />
            <VARIABLE NAME="%%SENTRY_OPT" VALUE="-b" />
            <VARIABLE NAME="%%SENTRY_PARM" VALUE="{&quot;env&quot;: {&quot;SUFFIX&quot;: &quot;%%PARM3&quot;,&quot;FILE_DATE&quot;:&quot;%%PARM1&quot;, &quot;CUTOFF_DATE&quot;:&quot;%%PARM2&quot;, &quot;CUTOFF_DATE1&quot;:&quot;%%PARM2&quot;, &quot;KIRBY_REPARTITION&quot;:&quot;%%KIRBYREPARTITION&quot;, &quot;DATA1&quot;:&quot;%%PARM4&quot;, &quot;CONTROLM_JOB_ID&quot;:&quot;%%JOBNAME&quot;,&quot;CONTROLM_JOB_FLOW&quot;:&quot;%%SCHEDTAB&quot;} }		   " />
            <INCOND NAME="MKQPDCP4017-TO-MKQPDCP4018" ODATE="ODAT" AND_OR="A" />
            <QUANTITATIVE NAME="DATIO_SENTRY_MX" QUANT="1" ONFAIL="R" ONOK="R" />
            <OUTCOND NAME="MKQPDCP4017-TO-MKQPDCP4018" ODATE="ODAT" SIGN="-" />
            <OUTCOND NAME="MKQPDCP4018-TO-MKQPDVP4026" ODATE="ODAT" SIGN="+" />
            <ON STMT="*" CODE="NOTOK">
                <DOMAIL URGENCY="U" DEST="me.jimenez@bbva.com;juangibran.romero.miranda@bbva.com;julio.jimenez.1.contractor@bbva.com;gustavo.martinez.arambula.contractor@bbva.com" SUBJECT="Ejecucion  fallida del job %%JOBNAME - %%PARM6 - %%PARM3 - Odate  %%$ODATE" MESSAGE="0109Concluyo la Ejecucion  de %%PARM6 del job %%JOBNAME del proceso %%PARM3 con Odate %%$ODATE, favor de validar." ATTACH_SYSOUT="Y" />
            </ON>
            <ON STMT="*" CODE="OK">
                <DOMAIL URGENCY="R" DEST="me.jimenez@bbva.com;juangibran.romero.miranda@bbva.com;julio.jimenez.1.contractor@bbva.com;gustavo.martinez.arambula.contractor@bbva.com" SUBJECT="Ejecucion  exitosa del job %%JOBNAME - %%PARM6 - %%PARM3 - Odate  %%$ODATE" MESSAGE="0109Concluyo la Ejecucion  de %%PARM6 del job %%JOBNAME del proceso %%PARM3 con Odate %%$ODATE, favor de validar." ATTACH_SYSOUT="Y" />
            </ON>
        </JOB>
        <JOB JOBISN="0" APPLICATION="KQPD-MX-DATIO" SUB_APPLICATION="BCBS-RKS-DATIO-CCR" JOBNAME="MKQPDVP4026" DESCRIPTION="QA REGLAS BASICAS RAW - DQR - DQ6" CREATED_BY="XMY0139" RUN_AS="sentry" CRITICAL="0" TASKTYPE="Command" CYCLIC="0" NODEID="MX-SENTRY-00" INTERVAL="00001M" CMDLINE="/opt/datio/sentry-mx/dataproc_sentry.py %%SENTRY_JOB %%SENTRY_OPT '%%SENTRY_PARM'" CONFIRM="0" DAYSCAL="MXHABILE" RETRO="0" MAXWAIT="1" MAXRERUN="0" AUTOARCH="1" MAXDAYS="0" MAXRUNS="0" DAYS="D8" JAN="1" FEB="1" MAR="1" APR="1" MAY="1" JUN="1" JUL="1" AUG="1" SEP="1" OCT="1" NOV="1" DEC="1" DAYS_AND_OR="O" SHIFT="Ignore Job" SHIFTNUM="+00" SYSDB="1" IND_CYCLIC="S" CREATION_USER="XME7894" CREATION_DATE="20210422" CREATION_TIME="121637" RULE_BASED_CALENDAR_RELATIONSHIP="O" APPL_TYPE="OS" CM_VER="N/A" MULTY_AGENT="N" USE_INSTREAM_JCL="N" VERSION_SERIAL="1" CYCLIC_TOLERANCE="0" CYCLIC_TYPE="C" PARENT_FOLDER="CR-MXKQPDMEN-K02">
            <VARIABLE NAME="%%PARM1" VALUE="%%$CALCDATE %%$OYEAR.%%OMONTH.01 -1" />
            <VARIABLE NAME="%%A" VALUE="%%SUBSTR %%PARM1 1 4" />
            <VARIABLE NAME="%%M" VALUE="%%SUBSTR %%PARM1 5 2" />
            <VARIABLE NAME="%%D" VALUE="%%SUBSTR %%PARM1 7 2" />
            <VARIABLE NAME="%%PARM2" VALUE="%%A-%%M-%%D" />
            <VARIABLE NAME="%%PARM3" VALUE="DQ6" />
            <VARIABLE NAME="%%PARM4" VALUE="SAS_Productivo_IFRS9_output" />
            <VARIABLE NAME="%%PARM5" VALUE="sasqualityresults" />
            <VARIABLE NAME="%%PARM6" VALUE="DQ RAW" />
            <VARIABLE NAME="%%SENTRY_JOB" VALUE="-ns mx.kqpd.app-id-21822.pro -jn kqpd-mx-spk-qlt-sasqualityresultsr-04 -o %%ORDERID" />
            <VARIABLE NAME="%%SENTRY_OPT" VALUE="-b" />
            <VARIABLE NAME="%%SENTRY_PARM" VALUE="{&quot;env&quot;: {&quot;CUTOFF_DATE&quot;:&quot;%%PARM2&quot;, &quot;SUBSET_DATE&quot;:&quot;%%PARM2&quot;, &quot;SUBSET_DATE1&quot;:&quot;%%PARM2&quot;, &quot;SUFFIX&quot;:&quot;%%PARM3&quot;,&quot;FILE_DATE&quot;:&quot;%%PARM1&quot;, &quot;DATA1&quot;: &quot;%%PARM4&quot;, &quot;CONTROLM_JOB_ID&quot;:&quot;%%JOBNAME&quot;,&quot;CONTROLM_JOB_FLOW&quot;:&quot;%%SCHEDTAB&quot;} }		   " />
            <INCOND NAME="MKQPDCP4018-TO-MKQPDVP4026" ODATE="ODAT" AND_OR="A" />
            <QUANTITATIVE NAME="DATIO_SENTRY_MX" QUANT="1" ONFAIL="R" ONOK="R" />
            <OUTCOND NAME="MKQPDCP4018-TO-MKQPDVP4026" ODATE="ODAT" SIGN="-" />
            <OUTCOND NAME="MKQPDVP4026-TO-MKQPDVP4027" ODATE="ODAT" SIGN="+" />
            <ON STMT="*" CODE="NOTOK">
                <DOMAIL URGENCY="U" DEST="me.jimenez@bbva.com;juangibran.romero.miranda@bbva.com;julio.jimenez.1.contractor@bbva.com;gustavo.martinez.arambula.contractor@bbva.com" SUBJECT="Ejecucion  fallida del job %%JOBNAME - %%PARM6 - %%PARM3 - Odate  %%$ODATE" MESSAGE="0109Concluyo la Ejecucion  de %%PARM6 del job %%JOBNAME del proceso %%PARM3 con Odate %%$ODATE, favor de validar." ATTACH_SYSOUT="Y" />
            </ON>
            <ON STMT="*" CODE="OK">
                <DOMAIL URGENCY="R" DEST="me.jimenez@bbva.com;juangibran.romero.miranda@bbva.com;julio.jimenez.1.contractor@bbva.com;gustavo.martinez.arambula.contractor@bbva.com" SUBJECT="Ejecucion  exitosa del job %%JOBNAME - %%PARM6 - %%PARM3 - Odate  %%$ODATE" MESSAGE="0109Concluyo la Ejecucion  de %%PARM6 del job %%JOBNAME del proceso %%PARM3 con Odate %%$ODATE, favor de validar." ATTACH_SYSOUT="Y" />
            </ON>
        </JOB>
        <JOB JOBISN="0" APPLICATION="KQPD-MX-DATIO" SUB_APPLICATION="BCBS-RKS-DATIO-CCR" JOBNAME="MKQPDVP4027" DESCRIPTION="QA REGLAS BASICAS MASTER - DQR - DQ6" CREATED_BY="XMY0139" RUN_AS="sentry" CRITICAL="0" TASKTYPE="Command" CYCLIC="0" NODEID="MX-SENTRY-00" INTERVAL="00001M" CMDLINE="/opt/datio/sentry-mx/dataproc_sentry.py %%SENTRY_JOB %%SENTRY_OPT '%%SENTRY_PARM'" CONFIRM="0" DAYSCAL="MXHABILE" RETRO="0" MAXWAIT="1" MAXRERUN="0" AUTOARCH="1" MAXDAYS="0" MAXRUNS="0" DAYS="D8" JAN="1" FEB="1" MAR="1" APR="1" MAY="1" JUN="1" JUL="1" AUG="1" SEP="1" OCT="1" NOV="1" DEC="1" DAYS_AND_OR="O" SHIFT="Ignore Job" SHIFTNUM="+00" SYSDB="1" IND_CYCLIC="S" CREATION_USER="XME7894" CREATION_DATE="20210422" CREATION_TIME="121637" RULE_BASED_CALENDAR_RELATIONSHIP="O" APPL_TYPE="OS" CM_VER="N/A" MULTY_AGENT="N" USE_INSTREAM_JCL="N" VERSION_SERIAL="1" CYCLIC_TOLERANCE="0" CYCLIC_TYPE="C" PARENT_FOLDER="CR-MXKQPDMEN-K02">
            <VARIABLE NAME="%%PARM1" VALUE="%%$CALCDATE %%$OYEAR.%%OMONTH.01 -1" />
            <VARIABLE NAME="%%A" VALUE="%%SUBSTR %%PARM1 1 4" />
            <VARIABLE NAME="%%M" VALUE="%%SUBSTR %%PARM1 5 2" />
            <VARIABLE NAME="%%D" VALUE="%%SUBSTR %%PARM1 7 2" />
            <VARIABLE NAME="%%PARM2" VALUE="%%A-%%M-%%D" />
            <VARIABLE NAME="%%PARM3" VALUE="DQ6" />
            <VARIABLE NAME="%%PARM4" VALUE="SAS_Productivo_IFRS9_output" />
            <VARIABLE NAME="%%PARM5" VALUE="sasqualityresults" />
            <VARIABLE NAME="%%PARM6" VALUE="DQ MASTER" />
            <VARIABLE NAME="%%SENTRY_JOB" VALUE="-ns mx.kqpd.app-id-21822.pro -jn kqpd-mx-spk-qlt-sasqualityresultsm-04 -o %%ORDERID" />
            <VARIABLE NAME="%%SENTRY_OPT" VALUE="-b" />
            <VARIABLE NAME="%%SENTRY_PARM" VALUE="{&quot;env&quot;: {&quot;CUTOFF_DATE&quot;: &quot;%%PARM2&quot;,&quot;SUBSET_DATE&quot;:&quot;%%PARM2&quot;, &quot;SUBSET_DATE1&quot;:&quot;%%PARM2&quot;, &quot;DATA1&quot;:&quot;%%PARM4&quot;,&quot;CONTROLM_JOB_ID&quot;:&quot;%%JOBNAME&quot;,&quot;CONTROLM_JOB_FLOW&quot;:&quot;%%SCHEDTAB&quot;} }" />
            <INCOND NAME="MKQPDVP4026-TO-MKQPDVP4027" ODATE="ODAT" AND_OR="A" />
            <QUANTITATIVE NAME="DATIO_SENTRY_MX" QUANT="1" ONFAIL="R" ONOK="R" />
            <OUTCOND NAME="MKQPDVP4026-TO-MKQPDVP4027" ODATE="ODAT" SIGN="-" />
            <OUTCOND NAME="MKQPDVP4027-TO-MKQPDDP4009" ODATE="ODAT" SIGN="+" />
            <ON STMT="*" CODE="NOTOK">
                <DOMAIL URGENCY="U" DEST="me.jimenez@bbva.com;juangibran.romero.miranda@bbva.com;julio.jimenez.1.contractor@bbva.com;gustavo.martinez.arambula.contractor@bbva.com" SUBJECT="Ejecucion  fallida del job %%JOBNAME - %%PARM6 - %%PARM3 - Odate  %%$ODATE" MESSAGE="0109Concluyo la Ejecucion  de %%PARM6 del job %%JOBNAME del proceso %%PARM3 con Odate %%$ODATE, favor de validar." ATTACH_SYSOUT="Y" />
            </ON>
            <ON STMT="*" CODE="OK">
                <DOMAIL URGENCY="R" DEST="me.jimenez@bbva.com;juangibran.romero.miranda@bbva.com;julio.jimenez.1.contractor@bbva.com;gustavo.martinez.arambula.contractor@bbva.com" SUBJECT="Ejecucion  exitosa del job %%JOBNAME - %%PARM6 - %%PARM3 - Odate  %%$ODATE" MESSAGE="0109Concluyo la Ejecucion  de %%PARM6 del job %%JOBNAME del proceso %%PARM3 con Odate %%$ODATE, favor de validar." ATTACH_SYSOUT="Y" />
            </ON>
        </JOB>
        <JOB JOBISN="0" APPLICATION="KQPD-MX-DATIO" SUB_APPLICATION="BCBS-RKS-DATIO-CCR" JOBNAME="MKQPDDP4009" DESCRIPTION="BORRADO STAGING - DQR - DQ6" CREATED_BY="XMY0139" RUN_AS="sentry" CRITICAL="0" TASKTYPE="Command" CYCLIC="0" NODEID="MX-SENTRY-00" INTERVAL="00001M" CMDLINE="/opt/datio/sentry-mx/dataproc_sentry.py %%SENTRY_JOB %%SENTRY_OPT '%%SENTRY_PARM'" CONFIRM="0" DAYSCAL="MXHABILE" RETRO="0" MAXWAIT="1" MAXRERUN="0" AUTOARCH="1" MAXDAYS="0" MAXRUNS="0" DAYS="D8" JAN="1" FEB="1" MAR="1" APR="1" MAY="1" JUN="1" JUL="1" AUG="1" SEP="1" OCT="1" NOV="1" DEC="1" DAYS_AND_OR="O" SHIFT="Ignore Job" SHIFTNUM="+00" SYSDB="1" IND_CYCLIC="S" CREATION_USER="XME7894" CREATION_DATE="20210422" CREATION_TIME="121637" CHANGE_USERID="XME7894" CHANGE_DATE="20210422" CHANGE_TIME="133009" RULE_BASED_CALENDAR_RELATIONSHIP="O" APPL_TYPE="OS" CM_VER="N/A" MULTY_AGENT="N" USE_INSTREAM_JCL="N" VERSION_SERIAL="2" CYCLIC_TOLERANCE="0" CYCLIC_TYPE="C" PARENT_FOLDER="CR-MXKQPDMEN-K02">
            <VARIABLE NAME="%%PARM1" VALUE="%%$CALCDATE %%$OYEAR.%%OMONTH.01 -1" />
            <VARIABLE NAME="%%PARM2" VALUE="sasqualityresults" />
            <VARIABLE NAME="%%PARM3" VALUE="DQ6" />
            <VARIABLE NAME="%%PARM4" VALUE="BORRADO" />
            <VARIABLE NAME="%%SENTRY_JOB" VALUE="-ns mx.kqpd.app-id-21822.pro -jn kqpd-mx-dfs-rmv-hdfs-01 -o %%ORDERID" />
            <VARIABLE NAME="%%SENTRY_OPT" VALUE="-b" />
            <VARIABLE NAME="%%SENTRY_PARM" VALUE="{&quot;env&quot;: {&quot;HADOOP_MODE&quot;: &quot;REMOVE&quot;,&quot;HADOOP_PATH&quot;: &quot;/in/staging/ratransmit/sas/bcbs/DQLEGACY_%%PARM2._%%PARM1..c*&quot;,&quot;CONTROLM_JOB_ID&quot;:&quot;%%JOBNAME&quot;,&quot;CONTROLM_JOB_FLOW&quot;:&quot;%%SCHEDTAB&quot; } }" />
            <INCOND NAME="MKQPDVP4027-TO-MKQPDDP4009" ODATE="ODAT" AND_OR="A" />
            <QUANTITATIVE NAME="DATIO_SENTRY_MX" QUANT="1" ONFAIL="R" ONOK="R" />
            <OUTCOND NAME="MKQPDVP4027-TO-MKQPDDP4009" ODATE="ODAT" SIGN="-" />
            <ON STMT="*" CODE="NOTOK">
                <DOMAIL URGENCY="U" DEST="me.jimenez@bbva.com;juangibran.romero.miranda@bbva.com;julio.jimenez.1.contractor@bbva.com;gustavo.martinez.arambula.contractor@bbva.com" SUBJECT="Ejecucion  fallida del job %%JOBNAME - %%PARM4 - %%PARM3 - Odate  %%$ODATE" MESSAGE="0109Concluyo la Ejecucion  de %%PARM4 del job %%JOBNAME del proceso %%PARM3 con Odate %%$ODATE, favor de validar." ATTACH_SYSOUT="Y" />
            </ON>
            <ON STMT="*" CODE="OK">
                <DOMAIL URGENCY="R" DEST="me.jimenez@bbva.com;juangibran.romero.miranda@bbva.com;julio.jimenez.1.contractor@bbva.com;gustavo.martinez.arambula.contractor@bbva.com" SUBJECT="Ejecucion  exitosa del job %%JOBNAME - %%PARM4 - %%PARM3 - Odate  %%$ODATE" MESSAGE="0109Concluyo la Ejecucion  de %%PARM4 del job %%JOBNAME del proceso %%PARM3 con Odate %%$ODATE, favor de validar." ATTACH_SYSOUT="Y" />
            </ON>
        </JOB>
        <JOB JOBISN="0" APPLICATION="KQPD-MX-DATIO" SUB_APPLICATION="BCBS-RKS-DATIO-CCR" JOBNAME="MKQPDVP4028" DESCRIPTION="QA REGLAS BASICAS STAGING - DQR - DQQ7" CREATED_BY="XMY0139" RUN_AS="sentry" CRITICAL="0" TASKTYPE="Command" CYCLIC="0" NODEID="MX-SENTRY-00" INTERVAL="00001M" CMDLINE="/opt/datio/sentry-mx/dataproc_sentry.py %%SENTRY_JOB %%SENTRY_OPT '%%SENTRY_PARM'" CONFIRM="0" DAYSCAL="MXHABILE" RETRO="0" MAXWAIT="1" MAXRERUN="0" AUTOARCH="1" MAXDAYS="0" MAXRUNS="0" DAYS="&lt;25" JAN="1" FEB="1" MAR="1" APR="1" MAY="1" JUN="1" JUL="1" AUG="1" SEP="1" OCT="1" NOV="1" DEC="1" DAYS_AND_OR="O" SHIFT="Ignore Job" SHIFTNUM="+00" SYSDB="1" IND_CYCLIC="S" CREATION_USER="XME7894" CREATION_DATE="20210422" CREATION_TIME="121637" CHANGE_USERID="XME7894" CHANGE_DATE="20210422" CHANGE_TIME="133009" RULE_BASED_CALENDAR_RELATIONSHIP="O" APPL_TYPE="OS" CM_VER="N/A" MULTY_AGENT="N" USE_INSTREAM_JCL="N" VERSION_SERIAL="2" CYCLIC_TOLERANCE="0" CYCLIC_TYPE="C" PARENT_FOLDER="CR-MXKQPDMEN-K02">
            <VARIABLE NAME="%%PARM1" VALUE="%%$CALCDATE %%$OYEAR.%%OMONTH.01 -1" />
            <VARIABLE NAME="%%A" VALUE="%%SUBSTR %%PARM1 1 4" />
            <VARIABLE NAME="%%M" VALUE="%%SUBSTR %%PARM1 5 2" />
            <VARIABLE NAME="%%D" VALUE="%%SUBSTR %%PARM1 7 2" />
            <VARIABLE NAME="%%PARM2" VALUE="%%A-%%M-%%D" />
            <VARIABLE NAME="%%PARM3" VALUE="DQ7" />
            <VARIABLE NAME="%%PARM4" VALUE="sasqualityresults" />
            <VARIABLE NAME="%%PARM5" VALUE="DQ STAGING" />
            <VARIABLE NAME="%%SENTRY_JOB" VALUE="-ns mx.kqpd.app-id-21822.pro -jn kqpd-mx-spk-qlt-sasqualityresultss-01 -o %%ORDERID" />
            <VARIABLE NAME="%%SENTRY_OPT" VALUE="-b" />
            <VARIABLE NAME="%%SENTRY_PARM" VALUE="{&quot;env&quot;: {&quot;CUTOFF_DATE&quot;: &quot;%%PARM2&quot;, &quot;SUFFIX&quot;: &quot;%%PARM3&quot;, &quot;FILE_DATE&quot;:&quot;%%PARM1&quot;, &quot;CONTROLM_JOB_ID&quot;:&quot;%%JOBNAME&quot;,&quot;CONTROLM_JOB_FLOW&quot;:&quot;%%SCHEDTAB&quot;} }" />
            <INCOND NAME="MMDQRTP4108-TO-MKQPDVP4028" ODATE="ODAT" AND_OR="A" />
            <QUANTITATIVE NAME="DATIO_SENTRY_MX" QUANT="1" ONFAIL="R" ONOK="R" />
            <OUTCOND NAME="MMDQRTP4108-TO-MKQPDVP4028" ODATE="ODAT" SIGN="-" />
            <OUTCOND NAME="MKQPDVP4028-TO-MKQPDCP4019" ODATE="ODAT" SIGN="+" />
            <ON STMT="*" CODE="NOTOK">
                <DOMAIL URGENCY="U" DEST="me.jimenez@bbva.com;juangibran.romero.miranda@bbva.com;julio.jimenez.1.contractor@bbva.com;gustavo.martinez.arambula.contractor@bbva.com" SUBJECT="Ejecucion  fallida del job %%JOBNAME - %%PARM3 - %%PARM4 - Odate  %%$ODATE" MESSAGE="0109Concluyo la Ejecucion  de %%PARM3 del job %%JOBNAME del proceso %%PARM4 con Odate %%$ODATE, favor de validar." ATTACH_SYSOUT="Y" />
            </ON>
            <ON STMT="*" CODE="OK">
                <DOMAIL URGENCY="R" DEST="me.jimenez@bbva.com;juangibran.romero.miranda@bbva.com;julio.jimenez.1.contractor@bbva.com;gustavo.martinez.arambula.contractor@bbva.com" SUBJECT="Ejecucion  exitosa del job %%JOBNAME - %%PARM3 - %%PARM4 - Odate  %%$ODATE" MESSAGE="0109Concluyo la Ejecucion  de %%PARM3 del job %%JOBNAME del proceso %%PARM4 con Odate %%$ODATE, favor de validar." ATTACH_SYSOUT="Y" />
            </ON>
        </JOB>
        <JOB JOBISN="0" APPLICATION="KQPD-MX-DATIO" SUB_APPLICATION="BCBS-RKS-DATIO-CCR" JOBNAME="MKQPDCP4019" DESCRIPTION="INGESTA RAW - DQR - DQ7" CREATED_BY="XMY0139" RUN_AS="sentry" CRITICAL="0" TASKTYPE="Command" CYCLIC="0" NODEID="MX-SENTRY-00" INTERVAL="00001M" CMDLINE="/opt/datio/sentry-mx/dataproc_sentry.py %%SENTRY_JOB %%SENTRY_OPT '%%SENTRY_PARM'" CONFIRM="0" DAYSCAL="MXHABILE" RETRO="0" MAXWAIT="1" MAXRERUN="0" AUTOARCH="1" MAXDAYS="0" MAXRUNS="0" DAYS="&lt;25" JAN="1" FEB="1" MAR="1" APR="1" MAY="1" JUN="1" JUL="1" AUG="1" SEP="1" OCT="1" NOV="1" DEC="1" DAYS_AND_OR="O" SHIFT="Ignore Job" SHIFTNUM="+00" SYSDB="1" IND_CYCLIC="S" CREATION_USER="XME7894" CREATION_DATE="20210422" CREATION_TIME="121637" RULE_BASED_CALENDAR_RELATIONSHIP="O" APPL_TYPE="OS" CM_VER="N/A" MULTY_AGENT="N" USE_INSTREAM_JCL="N" VERSION_SERIAL="1" CYCLIC_TOLERANCE="0" CYCLIC_TYPE="C" PARENT_FOLDER="CR-MXKQPDMEN-K02">
            <VARIABLE NAME="%%PARM1" VALUE="%%$CALCDATE %%$OYEAR.%%OMONTH.01 -1" />
            <VARIABLE NAME="%%A" VALUE="%%SUBSTR %%PARM1 1 4" />
            <VARIABLE NAME="%%M" VALUE="%%SUBSTR %%PARM1 5 2" />
            <VARIABLE NAME="%%D" VALUE="%%SUBSTR %%PARM1 7 2" />
            <VARIABLE NAME="%%PARM2" VALUE="%%A-%%M-%%D" />
            <VARIABLE NAME="%%PARM3" VALUE="DQ7" />
            <VARIABLE NAME="%%PARM4" VALUE="BCBS_Excel_Plantilla_CER_de_credito" />
            <VARIABLE NAME="%%PARM5" VALUE="sasqualityresults" />
            <VARIABLE NAME="%%PARM6" VALUE="INGESTA RAW" />
            <VARIABLE NAME="%%KIRBYREPARTITION" VALUE="1" />
            <VARIABLE NAME="%%SENTRY_JOB" VALUE="-ns mx.kqpd.app-id-21822.pro -jn kqpd-mx-krb-inr-sasqualityresultsi-01 -o %%ORDERID" />
            <VARIABLE NAME="%%SENTRY_OPT" VALUE="-b" />
            <VARIABLE NAME="%%SENTRY_PARM" VALUE="{&quot;env&quot;: {&quot;SUFFIX&quot;:&quot;%%PARM3&quot;,&quot;FILE_DATE&quot;:&quot;%%PARM1&quot;,&quot;CUTOFF_DATE&quot;:&quot;%%PARM2&quot;, &quot;KIRBY_REPARTITION&quot;:&quot;%%KIRBYREPARTITION&quot;, &quot;DATA1&quot;:&quot;%%PARM4&quot;,&quot;CONTROLM_JOB_ID&quot;:&quot;%%JOBNAME&quot;,&quot;CONTROLM_JOB_FLOW&quot;:&quot;%%SCHEDTAB&quot;} }" />
            <INCOND NAME="MKQPDVP4028-TO-MKQPDCP4019" ODATE="ODAT" AND_OR="A" />
            <QUANTITATIVE NAME="DATIO_SENTRY_MX" QUANT="1" ONFAIL="R" ONOK="R" />
            <OUTCOND NAME="MKQPDVP4028-TO-MKQPDCP4019" ODATE="ODAT" SIGN="-" />
            <OUTCOND NAME="MKQPDCP4019-TO-MKQPDCP4020" ODATE="ODAT" SIGN="+" />
            <ON STMT="*" CODE="NOTOK">
                <DOMAIL URGENCY="U" DEST="me.jimenez@bbva.com;juangibran.romero.miranda@bbva.com;julio.jimenez.1.contractor@bbva.com;gustavo.martinez.arambula.contractor@bbva.com" SUBJECT="Ejecucion  fallida del job %%JOBNAME - %%PARM6 - %%PARM3 - Odate  %%$ODATE" MESSAGE="0109Concluyo la Ejecucion  de %%PARM6 del job %%JOBNAME del proceso %%PARM3 con Odate %%$ODATE, favor de validar." ATTACH_SYSOUT="Y" />
            </ON>
            <ON STMT="*" CODE="OK">
                <DOMAIL URGENCY="R" DEST="me.jimenez@bbva.com;juangibran.romero.miranda@bbva.com;julio.jimenez.1.contractor@bbva.com;gustavo.martinez.arambula.contractor@bbva.com" SUBJECT="Ejecucion  exitosa del job %%JOBNAME - %%PARM6 - %%PARM3 - Odate  %%$ODATE" MESSAGE="0109Concluyo la Ejecucion  de %%PARM6 del job %%JOBNAME del proceso %%PARM3 con Odate %%$ODATE, favor de validar." ATTACH_SYSOUT="Y" />
            </ON>
        </JOB>
        <JOB JOBISN="0" APPLICATION="KQPD-MX-DATIO" SUB_APPLICATION="BCBS-RKS-DATIO-CCR" JOBNAME="MKQPDCP4020" DESCRIPTION="INGESTA MASTER - DQR - DQ7" CREATED_BY="XMY0139" RUN_AS="sentry" CRITICAL="0" TASKTYPE="Command" CYCLIC="0" NODEID="MX-SENTRY-00" INTERVAL="00001M" CMDLINE="/opt/datio/sentry-mx/dataproc_sentry.py %%SENTRY_JOB %%SENTRY_OPT '%%SENTRY_PARM'" CONFIRM="0" DAYSCAL="MXHABILE" RETRO="0" MAXWAIT="1" MAXRERUN="0" AUTOARCH="1" MAXDAYS="0" MAXRUNS="0" DAYS="&lt;25" JAN="1" FEB="1" MAR="1" APR="1" MAY="1" JUN="1" JUL="1" AUG="1" SEP="1" OCT="1" NOV="1" DEC="1" DAYS_AND_OR="O" SHIFT="Ignore Job" SHIFTNUM="+00" SYSDB="1" IND_CYCLIC="S" CREATION_USER="XME7894" CREATION_DATE="20210422" CREATION_TIME="121637" RULE_BASED_CALENDAR_RELATIONSHIP="O" APPL_TYPE="OS" CM_VER="N/A" MULTY_AGENT="N" USE_INSTREAM_JCL="N" VERSION_SERIAL="1" CYCLIC_TOLERANCE="0" CYCLIC_TYPE="C" PARENT_FOLDER="CR-MXKQPDMEN-K02">
            <VARIABLE NAME="%%PARM1" VALUE="%%$CALCDATE %%$OYEAR.%%OMONTH.01 -1" />
            <VARIABLE NAME="%%A" VALUE="%%SUBSTR %%PARM1 1 4" />
            <VARIABLE NAME="%%M" VALUE="%%SUBSTR %%PARM1 5 2" />
            <VARIABLE NAME="%%D" VALUE="%%SUBSTR %%PARM1 7 2" />
            <VARIABLE NAME="%%PARM2" VALUE="%%A-%%M-%%D" />
            <VARIABLE NAME="%%PARM3" VALUE="DQ7" />
            <VARIABLE NAME="%%PARM4" VALUE="BCBS_Excel_Plantilla_CER_de_credito" />
            <VARIABLE NAME="%%PARM5" VALUE="sasqualityresults" />
            <VARIABLE NAME="%%PARM6" VALUE="INGESTA MASTER" />
            <VARIABLE NAME="%%KIRBYREPARTITION" VALUE="1" />
            <VARIABLE NAME="%%SENTRY_JOB" VALUE="-ns mx.kqpd.app-id-21822.pro -jn kqpd-mx-krb-inm-sasqualityresultsi-01 -o %%ORDERID" />
            <VARIABLE NAME="%%SENTRY_OPT" VALUE="-b" />
            <VARIABLE NAME="%%SENTRY_PARM" VALUE="{&quot;env&quot;: {&quot;SUFFIX&quot;: &quot;%%PARM3&quot;,&quot;FILE_DATE&quot;:&quot;%%PARM1&quot;, &quot;CUTOFF_DATE&quot;:&quot;%%PARM2&quot;, &quot;CUTOFF_DATE1&quot;:&quot;%%PARM2&quot;, &quot;KIRBY_REPARTITION&quot;:&quot;%%KIRBYREPARTITION&quot;, &quot;DATA1&quot;:&quot;%%PARM4&quot;, &quot;CONTROLM_JOB_ID&quot;:&quot;%%JOBNAME&quot;,&quot;CONTROLM_JOB_FLOW&quot;:&quot;%%SCHEDTAB&quot;} }		   " />
            <INCOND NAME="MKQPDCP4019-TO-MKQPDCP4020" ODATE="ODAT" AND_OR="A" />
            <QUANTITATIVE NAME="DATIO_SENTRY_MX" QUANT="1" ONFAIL="R" ONOK="R" />
            <OUTCOND NAME="MKQPDCP4019-TO-MKQPDCP4020" ODATE="ODAT" SIGN="-" />
            <OUTCOND NAME="MKQPDCP4020-TO-MKQPDVP4029" ODATE="ODAT" SIGN="+" />
            <ON STMT="*" CODE="NOTOK">
                <DOMAIL URGENCY="U" DEST="me.jimenez@bbva.com;juangibran.romero.miranda@bbva.com;julio.jimenez.1.contractor@bbva.com;gustavo.martinez.arambula.contractor@bbva.com" SUBJECT="Ejecucion  fallida del job %%JOBNAME - %%PARM6 - %%PARM3 - Odate  %%$ODATE" MESSAGE="0109Concluyo la Ejecucion  de %%PARM6 del job %%JOBNAME del proceso %%PARM3 con Odate %%$ODATE, favor de validar." ATTACH_SYSOUT="Y" />
            </ON>
            <ON STMT="*" CODE="OK">
                <DOMAIL URGENCY="R" DEST="me.jimenez@bbva.com;juangibran.romero.miranda@bbva.com;julio.jimenez.1.contractor@bbva.com;gustavo.martinez.arambula.contractor@bbva.com" SUBJECT="Ejecucion  exitosa del job %%JOBNAME - %%PARM6 - %%PARM3 - Odate  %%$ODATE" MESSAGE="0109Concluyo la Ejecucion  de %%PARM6 del job %%JOBNAME del proceso %%PARM3 con Odate %%$ODATE, favor de validar." ATTACH_SYSOUT="Y" />
            </ON>
        </JOB>
        <JOB JOBISN="0" APPLICATION="KQPD-MX-DATIO" SUB_APPLICATION="BCBS-RKS-DATIO-CCR" JOBNAME="MKQPDVP4029" DESCRIPTION="QA REGLAS BASICAS RAW - DQR - DQ7" CREATED_BY="XMY0139" RUN_AS="sentry" CRITICAL="0" TASKTYPE="Command" CYCLIC="0" NODEID="MX-SENTRY-00" INTERVAL="00001M" CMDLINE="/opt/datio/sentry-mx/dataproc_sentry.py %%SENTRY_JOB %%SENTRY_OPT '%%SENTRY_PARM'" CONFIRM="0" DAYSCAL="MXHABILE" RETRO="0" MAXWAIT="1" MAXRERUN="0" AUTOARCH="1" MAXDAYS="0" MAXRUNS="0" DAYS="&lt;25" JAN="1" FEB="1" MAR="1" APR="1" MAY="1" JUN="1" JUL="1" AUG="1" SEP="1" OCT="1" NOV="1" DEC="1" DAYS_AND_OR="O" SHIFT="Ignore Job" SHIFTNUM="+00" SYSDB="1" IND_CYCLIC="S" CREATION_USER="XME7894" CREATION_DATE="20210422" CREATION_TIME="121637" RULE_BASED_CALENDAR_RELATIONSHIP="O" APPL_TYPE="OS" CM_VER="N/A" MULTY_AGENT="N" USE_INSTREAM_JCL="N" VERSION_SERIAL="1" CYCLIC_TOLERANCE="0" CYCLIC_TYPE="C" PARENT_FOLDER="CR-MXKQPDMEN-K02">
            <VARIABLE NAME="%%PARM1" VALUE="%%$CALCDATE %%$OYEAR.%%OMONTH.01 -1" />
            <VARIABLE NAME="%%A" VALUE="%%SUBSTR %%PARM1 1 4" />
            <VARIABLE NAME="%%M" VALUE="%%SUBSTR %%PARM1 5 2" />
            <VARIABLE NAME="%%D" VALUE="%%SUBSTR %%PARM1 7 2" />
            <VARIABLE NAME="%%PARM2" VALUE="%%A-%%M-%%D" />
            <VARIABLE NAME="%%PARM3" VALUE="DQ7" />
            <VARIABLE NAME="%%PARM4" VALUE="BCBS_Excel_Plantilla_CER_de_credito" />
            <VARIABLE NAME="%%PARM5" VALUE="sasqualityresults" />
            <VARIABLE NAME="%%PARM6" VALUE="DQ RAW" />
            <VARIABLE NAME="%%SENTRY_JOB" VALUE="-ns mx.kqpd.app-id-21822.pro -jn kqpd-mx-spk-qlt-sasqualityresultsr-04 -o %%ORDERID" />
            <VARIABLE NAME="%%SENTRY_OPT" VALUE="-b" />
            <VARIABLE NAME="%%SENTRY_PARM" VALUE="{&quot;env&quot;: {&quot;CUTOFF_DATE&quot;:&quot;%%PARM2&quot;, &quot;SUBSET_DATE&quot;:&quot;%%PARM2&quot;, &quot;SUBSET_DATE1&quot;:&quot;%%PARM2&quot;, &quot;SUFFIX&quot;:&quot;%%PARM3&quot;,&quot;FILE_DATE&quot;:&quot;%%PARM1&quot;, &quot;DATA1&quot;: &quot;%%PARM4&quot;, &quot;CONTROLM_JOB_ID&quot;:&quot;%%JOBNAME&quot;,&quot;CONTROLM_JOB_FLOW&quot;:&quot;%%SCHEDTAB&quot;} }" />
            <INCOND NAME="MKQPDCP4020-TO-MKQPDVP4029" ODATE="ODAT" AND_OR="A" />
            <QUANTITATIVE NAME="DATIO_SENTRY_MX" QUANT="1" ONFAIL="R" ONOK="R" />
            <OUTCOND NAME="MKQPDCP4020-TO-MKQPDVP4029" ODATE="ODAT" SIGN="-" />
            <OUTCOND NAME="MKQPDVP4029-TO-MKQPDVP4030" ODATE="ODAT" SIGN="+" />
            <ON STMT="*" CODE="NOTOK">
                <DOMAIL URGENCY="U" DEST="me.jimenez@bbva.com;juangibran.romero.miranda@bbva.com;julio.jimenez.1.contractor@bbva.com;gustavo.martinez.arambula.contractor@bbva.com" SUBJECT="Ejecucion  fallida del job %%JOBNAME - %%PARM6 - %%PARM3 - Odate  %%$ODATE" MESSAGE="0109Concluyo la Ejecucion  de %%PARM6 del job %%JOBNAME del proceso %%PARM3 con Odate %%$ODATE, favor de validar." ATTACH_SYSOUT="Y" />
            </ON>
            <ON STMT="*" CODE="OK">
                <DOMAIL URGENCY="R" DEST="me.jimenez@bbva.com;juangibran.romero.miranda@bbva.com;julio.jimenez.1.contractor@bbva.com;gustavo.martinez.arambula.contractor@bbva.com" SUBJECT="Ejecucion  exitosa del job %%JOBNAME - %%PARM6 - %%PARM3 - Odate  %%$ODATE" MESSAGE="0109Concluyo la Ejecucion  de %%PARM6 del job %%JOBNAME del proceso %%PARM3 con Odate %%$ODATE, favor de validar." ATTACH_SYSOUT="Y" />
            </ON>
        </JOB>
        <JOB JOBISN="0" APPLICATION="KQPD-MX-DATIO" SUB_APPLICATION="BCBS-RKS-DATIO-CCR" JOBNAME="MKQPDVP4030" DESCRIPTION="QA REGLAS BASICAS MASTER - DQR - DQ7" CREATED_BY="XMY0139" RUN_AS="sentry" CRITICAL="0" TASKTYPE="Command" CYCLIC="0" NODEID="MX-SENTRY-00" INTERVAL="00001M" CMDLINE="/opt/datio/sentry-mx/dataproc_sentry.py %%SENTRY_JOB %%SENTRY_OPT '%%SENTRY_PARM'" CONFIRM="0" DAYSCAL="MXHABILE" RETRO="0" MAXWAIT="1" MAXRERUN="0" AUTOARCH="1" MAXDAYS="0" MAXRUNS="0" DAYS="&lt;25" JAN="1" FEB="1" MAR="1" APR="1" MAY="1" JUN="1" JUL="1" AUG="1" SEP="1" OCT="1" NOV="1" DEC="1" DAYS_AND_OR="O" SHIFT="Ignore Job" SHIFTNUM="+00" SYSDB="1" IND_CYCLIC="S" CREATION_USER="XME7894" CREATION_DATE="20210422" CREATION_TIME="121637" RULE_BASED_CALENDAR_RELATIONSHIP="O" APPL_TYPE="OS" CM_VER="N/A" MULTY_AGENT="N" USE_INSTREAM_JCL="N" VERSION_SERIAL="1" CYCLIC_TOLERANCE="0" CYCLIC_TYPE="C" PARENT_FOLDER="CR-MXKQPDMEN-K02">
            <VARIABLE NAME="%%PARM1" VALUE="%%$CALCDATE %%$OYEAR.%%OMONTH.01 -1" />
            <VARIABLE NAME="%%A" VALUE="%%SUBSTR %%PARM1 1 4" />
            <VARIABLE NAME="%%M" VALUE="%%SUBSTR %%PARM1 5 2" />
            <VARIABLE NAME="%%D" VALUE="%%SUBSTR %%PARM1 7 2" />
            <VARIABLE NAME="%%PARM2" VALUE="%%A-%%M-%%D" />
            <VARIABLE NAME="%%PARM3" VALUE="DQ7" />
            <VARIABLE NAME="%%PARM4" VALUE="BCBS_Excel_Plantilla_CER_de_credito" />
            <VARIABLE NAME="%%PARM5" VALUE="sasqualityresults" />
            <VARIABLE NAME="%%PARM6" VALUE="DQ MASTER" />
            <VARIABLE NAME="%%SENTRY_JOB" VALUE="-ns mx.kqpd.app-id-21822.pro -jn kqpd-mx-spk-qlt-sasqualityresultsm-04 -o %%ORDERID" />
            <VARIABLE NAME="%%SENTRY_OPT" VALUE="-b" />
            <VARIABLE NAME="%%SENTRY_PARM" VALUE="{&quot;env&quot;: {&quot;CUTOFF_DATE&quot;: &quot;%%PARM2&quot;,&quot;SUBSET_DATE&quot;:&quot;%%PARM2&quot;, &quot;SUBSET_DATE1&quot;:&quot;%%PARM2&quot;, &quot;DATA1&quot;:&quot;%%PARM4&quot;,&quot;CONTROLM_JOB_ID&quot;:&quot;%%JOBNAME&quot;,&quot;CONTROLM_JOB_FLOW&quot;:&quot;%%SCHEDTAB&quot;} }		   " />
            <INCOND NAME="MKQPDVP4029-TO-MKQPDVP4030" ODATE="ODAT" AND_OR="A" />
            <QUANTITATIVE NAME="DATIO_SENTRY_MX" QUANT="1" ONFAIL="R" ONOK="R" />
            <OUTCOND NAME="MKQPDVP4029-TO-MKQPDVP4030" ODATE="ODAT" SIGN="-" />
            <OUTCOND NAME="MKQPDVP4030-TO-MKQPDDP4010" ODATE="ODAT" SIGN="+" />
            <ON STMT="*" CODE="NOTOK">
                <DOMAIL URGENCY="U" DEST="me.jimenez@bbva.com;juangibran.romero.miranda@bbva.com;julio.jimenez.1.contractor@bbva.com;gustavo.martinez.arambula.contractor@bbva.com" SUBJECT="Ejecucion  fallida del job %%JOBNAME - %%PARM6 - %%PARM3 - Odate  %%$ODATE" MESSAGE="0109Concluyo la Ejecucion  de %%PARM6 del job %%JOBNAME del proceso %%PARM3 con Odate %%$ODATE, favor de validar." ATTACH_SYSOUT="Y" />
            </ON>
            <ON STMT="*" CODE="OK">
                <DOMAIL URGENCY="R" DEST="me.jimenez@bbva.com;juangibran.romero.miranda@bbva.com;julio.jimenez.1.contractor@bbva.com;gustavo.martinez.arambula.contractor@bbva.com" SUBJECT="Ejecucion  exitosa del job %%JOBNAME - %%PARM6 - %%PARM3 - Odate  %%$ODATE" MESSAGE="0109Concluyo la Ejecucion  de %%PARM6 del job %%JOBNAME del proceso %%PARM3 con Odate %%$ODATE, favor de validar." ATTACH_SYSOUT="Y" />
            </ON>
        </JOB>
        <JOB JOBISN="0" APPLICATION="KQPD-MX-DATIO" SUB_APPLICATION="BCBS-RKS-DATIO-CCR" JOBNAME="MKQPDDP4010" DESCRIPTION="BORRADO STAGING - DQR - DQ7" CREATED_BY="XMY0139" RUN_AS="sentry" CRITICAL="0" TASKTYPE="Command" CYCLIC="0" NODEID="MX-SENTRY-00" INTERVAL="00001M" CMDLINE="/opt/datio/sentry-mx/dataproc_sentry.py %%SENTRY_JOB %%SENTRY_OPT '%%SENTRY_PARM'" CONFIRM="0" DAYSCAL="MXHABILE" RETRO="0" MAXWAIT="1" MAXRERUN="0" AUTOARCH="1" MAXDAYS="0" MAXRUNS="0" DAYS="&lt;25" JAN="1" FEB="1" MAR="1" APR="1" MAY="1" JUN="1" JUL="1" AUG="1" SEP="1" OCT="1" NOV="1" DEC="1" DAYS_AND_OR="O" SHIFT="Ignore Job" SHIFTNUM="+00" SYSDB="1" IND_CYCLIC="S" CREATION_USER="XME7894" CREATION_DATE="20210422" CREATION_TIME="121637" CHANGE_USERID="XME7894" CHANGE_DATE="20210422" CHANGE_TIME="133009" RULE_BASED_CALENDAR_RELATIONSHIP="O" APPL_TYPE="OS" CM_VER="N/A" MULTY_AGENT="N" USE_INSTREAM_JCL="N" VERSION_SERIAL="2" CYCLIC_TOLERANCE="0" CYCLIC_TYPE="C" PARENT_FOLDER="CR-MXKQPDMEN-K02">
            <VARIABLE NAME="%%PARM1" VALUE="%%$CALCDATE %%$OYEAR.%%OMONTH.01 -1" />
            <VARIABLE NAME="%%PARM2" VALUE="sasqualityresults" />
            <VARIABLE NAME="%%PARM3" VALUE="DQ7" />
            <VARIABLE NAME="%%PARM4" VALUE="BORRADO" />
            <VARIABLE NAME="%%SENTRY_JOB" VALUE="-ns mx.kqpd.app-id-21822.pro -jn kqpd-mx-dfs-rmv-hdfs-01 -o %%ORDERID" />
            <VARIABLE NAME="%%SENTRY_OPT" VALUE="-b" />
            <VARIABLE NAME="%%SENTRY_PARM" VALUE="{&quot;env&quot;: {&quot;HADOOP_MODE&quot;: &quot;REMOVE&quot;,&quot;HADOOP_PATH&quot;: &quot;/in/staging/ratransmit/sas/bcbs/DQLEGACY_%%PARM2._%%PARM1..c*&quot;,&quot;CONTROLM_JOB_ID&quot;:&quot;%%JOBNAME&quot;,&quot;CONTROLM_JOB_FLOW&quot;:&quot;%%SCHEDTAB&quot; } }" />
            <INCOND NAME="MKQPDVP4030-TO-MKQPDDP4010" ODATE="ODAT" AND_OR="A" />
            <QUANTITATIVE NAME="DATIO_SENTRY_MX" QUANT="1" ONFAIL="R" ONOK="R" />
            <OUTCOND NAME="MKQPDVP4030-TO-MKQPDDP4010" ODATE="ODAT" SIGN="-" />
            <ON STMT="*" CODE="NOTOK">
                <DOMAIL URGENCY="U" DEST="me.jimenez@bbva.com;juangibran.romero.miranda@bbva.com;julio.jimenez.1.contractor@bbva.com;gustavo.martinez.arambula.contractor@bbva.com" SUBJECT="Ejecucion  fallida del job %%JOBNAME - %%PARM4 - %%PARM3 - Odate  %%$ODATE" MESSAGE="0109Concluyo la Ejecucion  de %%PARM4 del job %%JOBNAME del proceso %%PARM3 con Odate %%$ODATE, favor de validar." ATTACH_SYSOUT="Y" />
            </ON>
            <ON STMT="*" CODE="OK">
                <DOMAIL URGENCY="R" DEST="me.jimenez@bbva.com;juangibran.romero.miranda@bbva.com;julio.jimenez.1.contractor@bbva.com;gustavo.martinez.arambula.contractor@bbva.com" SUBJECT="Ejecucion  exitosa del job %%JOBNAME - %%PARM4 - %%PARM3 - Odate  %%$ODATE" MESSAGE="0109Concluyo la Ejecucion  de %%PARM4 del job %%JOBNAME del proceso %%PARM3 con Odate %%$ODATE, favor de validar." ATTACH_SYSOUT="Y" />
            </ON>
        </JOB>
    </FOLDER>
</DEFTABLE>
